iso3,period,admin_level,service,admin_name,pop_total,pop_covered,pop_coverage_pct,area_coverage_pct,tiles,tests,devices,d_median_pop,d_mean_pop,d_median_tile,d_p10_pop,d_p90_pop,divide_ratio,u_median_pop,lat_median_pop,pct_above_bb,pct_above_hi,density
NGA,2026Q2,ADM2,fixed,Aba North,221837.32751464844,115801.11181640625,52.20091366668652,40.64709825970075,30.0,367.0,51.0,20.375045975797832,42.90669817785124,21.305,1.838490227657673,143.8451859932339,78.24093042719066,16.785570203975915,45.71457906670623,76.42660979666954,43.97945439618987,8102.58248860925
NGA,2026Q2,ADM2,fixed,Aba South,240852.39135742188,64031.059326171875,26.585187286411703,6.89830211506489,7.0,66.0,8.0,13.227663880962037,61.16450837093709,10.809,7.571927218687289,234.252,30.936905920314857,15.449337848736418,74.81856151028869,61.86977822169726,21.755854315975775,6397.787094901052
NGA,2026Q2,ADM2,fixed,Abak,293114.71072101593,15818.43408203125,5.396670144299615,0.4401788586654991,2.0,6.0,2.0,25.88309372199224,25.883093721992235,27.217,14.887,39.547,2.65647880701283,13.992404075385123,66.33772429707935,100.0,44.59080990264492,1738.3897802486363
NGA,2026Q2,ADM2,fixed,Abakaliki,366414.35245794157,58471.31677246094,15.957703725367171,1.260422477242392,15.0,187.0,24.0,48.11114384656599,75.62396330090131,17.88,2.426570389650226,200.21552331120557,82.5096705066385,20.707079378949807,34.975600815281545,81.64564826976041,55.814425118675274,833.4532290452166
NGA,2026Q2,ADM2,fixed,Abeokuta North,251769.9903355073,58311.91270327568,23.160787600448153,1.542910880132147,33.0,346.0,46.0,27.246692000721584,40.896098692995984,27.003,2.19611003075009,104.01426510761571,47.36295707009236,12.733806056459601,30.0,80.39706377923824,57.05704256182608,319.7640170379477
NGA,2026Q2,ADM2,fixed,Abeokuta South,220098.59982955456,94096.2744140625,42.75187324541415,25.09210874551513,45.0,502.0,82.0,25.884780331104785,34.8419767648412,26.377,7.46345785533139,53.5320234690213,7.172549843070613,12.481392879591173,29.602095285887003,83.80373715664822,54.320825225005656,3333.820099300593
NGA,2026Q2,ADM2,fixed,Aboh-Mbaise,317780.0626313696,982.1901245117188,0.30907858610723365,0.2024850582708496,1.0,4.0,2.0,178.749,178.749,178.749,178.749,178.749,1.0,26.727,29.0,100.0,100.0,1736.3714962661275
NGA,2026Q2,ADM2,fixed,Abua/Odual,110730.30190554005,189.2884979248047,0.17094552680464986,0.05797952627305208,1.0,33.0,1.0,37.408,37.408,37.408,37.408,37.408,1.0,7.28,36.0,100.0,100.0,172.95356467282448
NGA,2026Q2,ADM2,fixed,Adavi,422995.8751205338,59397.3916015625,14.042073479945177,0.48360397459989685,8.0,51.0,9.0,34.92392289652095,42.46365032139442,40.9525,12.938,81.5119480361806,6.300196942045185,14.773073527361035,26.908008767460963,100.0,72.60413667352323,696.407551339751
NGA,2026Q2,ADM2,fixed,Ado Odo/Ota,3493171.7970503643,1562542.4917755127,44.73133823807132,10.903862689224509,252.0,3105.0,427.0,27.261800346109382,27.60000921623059,23.927,6.809606194453052,47.0301051232145,6.9064353767658595,19.213139608763036,35.0,81.26924886541092,54.5132370333511,4097.01650285904
NGA,2026Q2,ADM2,fixed,Ado-Ekiti,1287717.881301495,628727.6557197571,48.82495341947902,11.90303613632791,90.0,673.0,135.0,13.649600795498175,35.31370041288342,17.463,2.507639343253914,84.80986910673684,33.82060077135635,12.257880135736027,37.513964464191844,58.30549241399618,42.16505118503987,4636.24053720873
NGA,2026Q2,ADM2,fixed,Afijio,177046.64646868745,551.7520904541016,0.3116422148959962,0.12013540132790781,3.0,10.0,3.0,69.86794442973326,66.57302210653458,62.432,23.995,93.473,3.895519899979162,32.05433447099291,22.621486947478825,100.0,77.78496043584524,193.1402990648139
NGA,2026Q2,ADM2,fixed,Afikpo North,165128.82973620886,3728.115676879883,2.2577012644221477,0.7116947438667869,5.0,6.0,5.0,17.25699610362677,17.50695305719651,16.013,10.57217913678566,29.47478485625046,2.7879573808670726,12.685759654670193,43.24061680507231,92.69255588078752,3.141514668351281,635.0933836520434
NGA,2026Q2,ADM2,fixed,Afikpo South,67094.47448907554,1953.9842529296875,2.9122878863114714,0.0961355087980527,1.0,4.0,1.0,216.467,216.467,216.467,216.467,216.467,1.0,30.755,38.0,100.0,100.0,174.24990428041116
NGA,2026Q2,ADM2,fixed,Agege,238467.7265625,238467.7265625,100.0,87.34516059502853,29.0,1369.0,138.0,39.347543054701575,46.694284361074914,37.585,20.63014420953226,81.32209995209773,3.9419065192245455,24.347585177858132,15.974671475871075,100.0,85.90972420827278,19467.07476830752
NGA,2026Q2,ADM2,fixed,Aguata,662541.0950379372,29609.693115234375,4.469110420016878,1.406436507213913,7.0,42.0,9.0,45.134186422160475,45.47802052886915,57.359,9.031153777332221,82.02418545536493,9.082359516592646,10.37455549737562,24.208638153917214,87.31530778491059,74.36025320407383,3599.127316255047
NGA,2026Q2,ADM2,fixed,Agwara,96701.89747200091,413.8876037597656,0.4280036013560155,0.024915485082319142,1.0,3.0,1.0,89.132,89.132,89.132,89.132,89.132,1.0,8.319,160.0,100.0,100.0,66.6997188243146
NGA,2026Q2,ADM2,fixed,Ahoada East,370665.2398500216,14227.882747650146,3.838472351334327,0.36572624280906774,4.0,8.0,6.0,30.332114217858393,30.523577692216463,24.316499999999998,16.57637970092613,129.03825044630946,7.784465171191756,17.454175341455723,37.09945202130449,100.0,86.71392131013936,913.1839794992011
NGA,2026Q2,ADM2,fixed,Ajaokuta,423325.50400171615,51588.194984436035,12.186413173024155,0.3172155693622264,14.0,169.0,19.0,29.675040532660272,37.64718900644243,35.507999999999996,11.275707623137478,89.98836716367698,7.980729030169516,12.53020147303724,33.647842601529454,91.86195881450378,52.44449837846571,261.0721550659342
NGA,2026Q2,ADM2,fixed,Ajeromi/Ifelodun,270945.94921875,183483.6630859375,67.71965538329593,50.249188324679935,17.0,94.0,35.0,43.384929269888644,41.653035987301806,42.529,9.76312160610631,70.6209887740267,7.233443525875684,19.00559389873781,23.485954072074897,89.94343053708175,73.80547276943604,21691.63644829634
NGA,2026Q2,ADM2,fixed,Akamkpa,164964.93778534804,2137.4870681762695,1.2957220466797388,0.056564741267937015,7.0,15.0,7.0,58.69631018590406,102.92565574973835,93.933,20.385,241.58294996324707,11.85101545073569,17.260183675992188,34.0,100.0,53.10282642490603,35.97080233737645
NGA,2026Q2,ADM2,fixed,Akinyele,573619.114987731,221099.9003753662,38.5447232489969,5.29916369766405,60.0,508.0,92.0,31.55563296863564,37.015603773331286,31.57,15.701249642643354,66.4240504699804,4.230494513607243,21.19994401366401,31.25916561934708,95.59401186161982,71.58199616858492,1378.29879678474
NGA,2026Q2,ADM2,fixed,Akko,604761.9147711574,7909.8184814453125,1.3079227193793108,0.044018245311407425,3.0,5.0,3.0,31.032416931063736,33.407066626672155,32.855,29.514,49.866126002345744,1.689575320266509,18.847222607269075,49.54624268998358,100.0,100.0,244.9985535754378
NGA,2026Q2,ADM2,fixed,Akoko North East,171575.23995321456,1909.904541015625,1.1131586011690389,0.09902286383360327,1.0,4.0,2.0,35.342,35.342,35.342,35.342,35.342,1.0,5.861,35.0,100.0,100.0,462.2059685806649
NGA,2026Q2,ADM2,fixed,Akoko North West,167601.78194401655,1910.1146240234375,1.1396744126870122,0.14352243254798513,2.0,2.0,2.0,14.164467721849,14.164467721849,14.5075,13.131,15.884,1.2096565379635975,5.716309298662503,33.49841231841773,100.0,0.0,327.38186210287915
NGA,2026Q2,ADM2,fixed,Akoko South West,196695.7530698599,11713.750732421875,5.9552636747889185,0.2779444340428412,4.0,4.0,4.0,249.121259247722,185.9796843181726,275.6445,4.596,332.266,72.2946040034813,15.523317412477036,47.23426000093196,59.92306134431558,59.92306134431558,371.7924067558327
NGA,2026Q2,ADM2,fixed,Akoko-Edo,295651.2628478007,3655.9476356506348,1.2365743343814812,0.05381799631440094,2.0,4.0,2.0,380.7921025606431,380.7921025606431,293.34499999999997,237.74250256064312,382.751,1.6099393077700452,38.735433271423226,23.94522466502928,100.0,100.0,216.3306649743968
NGA,2026Q2,ADM2,fixed,Akpabuyo,210796.83709885454,0.0,0.0,0.04731134361458462,1.0,7.0,2.0,24.555,24.555,24.555,24.555,24.555,1.0,21.792,33.0,100.0,0.0,268.78060452259166
NGA,2026Q2,ADM2,fixed,Akuku Toru,74702.39659296686,1126.5115203857813,1.5079991697238813,0.2100046491377576,8.0,23.0,13.0,74.91633182192517,77.71704654672551,52.2405,33.187416921492954,132.63449467111093,3.996529617983426,16.89607330696852,33.0,100.0,93.86682191958587,52.781537622186505
NGA,2026Q2,ADM2,fixed,Akure North,403793.33136872115,172615.90496826172,42.748577442612266,4.550302032509821,79.0,868.0,158.0,30.599757946654663,39.63027893714086,31.368,3.43924150571107,85.8815137257847,24.9710622482234,11.880113867954503,37.0,77.49734254196187,51.609951682347976,632.0740142186844
NGA,2026Q2,ADM2,fixed,Akure South,704953.0899696649,383959.6777038574,54.46598974697447,13.563859720089345,96.0,1799.0,161.0,21.140378088239032,44.54813190191808,22.8085,3.3781576431258795,117.76589726452545,34.860983324494654,11.954598419759481,35.0,77.63002771300017,46.59102022685498,2706.3934552561273
NGA,2026Q2,ADM2,fixed,Akwanga,241671.46974119748,9253.6552734375,3.8290226328110255,0.034188070472960456,1.0,1.0,1.0,47.639,47.639,47.639,47.639,47.639,1.0,45.067,27.0,100.0,100.0,226.39626444670785
NGA,2026Q2,ADM2,fixed,Aleiro,115525.39326670868,403.7973937988281,0.3495312869150749,0.13286106798080205,1.0,2.0,1.0,23.833,23.833,23.833,23.833,23.833,1.0,11.463,62.0,100.0,0.0,429.98882437582853
NGA,2026Q2,ADM2,fixed,Alimosho,2800669.04271698,2632169.166381836,93.98358485900643,75.4864579813728,374.0,8421.0,1364.0,35.27172905727936,40.75122731676008,35.844,15.032236032208353,67.6032933346836,4.497221384086539,23.579249470816723,24.41824281830151,92.17382651451067,74.43782824784256,15318.61229997448
NGA,2026Q2,ADM2,fixed,Alkaleri,631812.7970183784,7086.52734375,1.1216182035552953,0.005106137848389907,1.0,2.0,1.0,9.677,9.677,9.677,9.677,9.677,1.0,4.857,49.0,0.0,0.0,88.79801227440295
NGA,2026Q2,ADM2,fixed,Amuwo Odofin,637241.8418322802,515897.38497924805,80.95786420676225,33.63495022074785,104.0,1291.0,312.0,43.67458927180028,48.49658443953973,42.407,20.84837662023857,82.92698735279764,3.977623239609756,24.49756186580695,19.0,99.53764700266107,87.28475870830803,5582.187957673507
NGA,2026Q2,ADM2,fixed,Anambra East,199355.30806009896,5272.8828125,2.6449673519154064,0.12086744465385983,2.0,18.0,3.0,53.25546105053272,53.25546105053273,44.146,12.065,76.227,6.318027351844178,24.434490618642847,31.77778357056816,100.0,64.19759522853515,326.01905943856667
NGA,2026Q2,ADM2,fixed,Anaocha,441702.6813583374,17648.073974609375,3.9954645329155545,1.6333964037041906,5.0,7.0,6.0,15.245589006929562,34.82246800248805,15.983,9.587,116.1851382677506,12.119029755684844,16.129779036494163,29.238614277674145,76.71452976890805,27.105790179858037,3902.860491927447
NGA,2026Q2,ADM2,fixed,Aninri,230206.355188074,1564.77250289917,0.6797260230373666,0.5752151484120973,5.0,18.0,5.0,152.29288252234815,155.6917031456786,108.983,94.89701436678584,205.031,2.160563231289195,20.514583455327227,28.0,100.0,100.0,716.1405663785143
NGA,2026Q2,ADM2,fixed,Aniocha North,146260.9293749979,3489.626220703125,2.3858909112741133,0.18195237806161094,2.0,2.0,2.0,105.62777282842163,105.62777282842164,108.593,55.411,161.775,2.9195466604103877,13.922144691307082,30.16726865320475,100.0,100.0,360.25551918468915
NGA,2026Q2,ADM2,fixed,Aniocha South,208851.18373788326,37373.171546936035,17.894641954168137,1.022531502892707,24.0,238.0,27.0,29.158714763609957,29.12303086612043,28.477,12.649334018755217,47.61430160748646,3.764174583174778,22.223383727687303,33.012601403331026,93.2898784599035,65.6540375157922,240.78201296294125
NGA,2026Q2,ADM2,fixed,Ankpa,372988.2345235821,1018.7717895507812,0.27313778163862423,0.02856796034924307,1.0,1.0,1.0,2.19,2.19,2.19,2.19,2.19,1.0,15.807,102.0,0.0,0.0,289.8521258851109
NGA,2026Q2,ADM2,fixed,Apapa,205397.68687057495,133445.85736083984,64.96950350026418,28.62848275056478,29.0,449.0,118.0,30.187547104958412,39.50899447973937,30.0,11.26342213617135,99.62690829806486,8.845172194880545,30.071729182301755,23.0,88.61074084443491,60.51058807190979,5491.893648358065
NGA,2026Q2,ADM2,fixed,Ardo-Kola,173459.6656540866,3155.344482421875,1.8190652394743256,0.03543482224368709,2.0,2.0,2.0,9.659024806080271,9.659024806080271,9.0305,7.715,10.346,1.3410239792611796,4.953430282636006,173.08942099802613,73.88919825466634,0.0,84.2021017786121
NGA,2026Q2,ADM2,fixed,Argungu,262319.2960502847,4000.262939453125,1.5249594672159779,0.034135731055446934,1.0,2.0,1.0,11.833,11.833,11.833,11.833,11.833,1.0,10.417,51.0,100.0,0.0,251.75330957681896
NGA,2026Q2,ADM2,fixed,Asa,214683.72161785958,17512.614060401917,8.157401934541943,0.19052774849227236,7.0,25.0,8.0,37.40863197360159,39.99584366042892,39.236,19.42911856735616,72.73105897075823,3.743404968095534,14.586110593437937,33.19867564203633,100.0,70.83266314698655,159.67865324238923
NGA,2026Q2,ADM2,fixed,Atakunmosa West,84214.93388481978,1094.4181442260742,1.2995535277898607,0.370598979378906,4.0,95.0,7.0,23.399856233431464,61.98503160826007,44.908500000000004,8.861,133.863,15.10698566753188,9.151049323279715,38.50760212379295,58.39845800721998,45.32384510970196,212.44277590722066
NGA,2026Q2,ADM2,fixed,Atiba,129810.44802491472,2405.037109375,1.8527299966743798,0.054549141973872534,1.0,2.0,1.0,5.693,5.693,5.693,5.693,5.693,1.0,12.858,55.0,0.0,0.0,193.01458303029077
NGA,2026Q2,ADM2,fixed,Atisbo,114220.54524678616,3074.845458984375,2.6920248474920427,0.014864820239468507,1.0,8.0,1.0,0.342,0.34199999999999997,0.342,0.342,0.342,1.0,6.952,86.0,0.0,0.0,46.41973020528798
NGA,2026Q2,ADM2,fixed,Awe,179454.25608384574,202.06845092773438,0.1126016486526364,0.014235602245129384,1.0,1.0,1.0,266.416,266.416,266.416,266.416,266.416,1.0,21.433,43.0,100.0,100.0,69.7465745942794
NGA,2026Q2,ADM2,fixed,Awgu,227940.1703481727,4811.47802734375,2.110851290491861,0.08781937574091223,1.0,2.0,1.0,72.352,72.352,72.352,72.352,72.352,1.0,16.979,24.0,100.0,100.0,541.7021606965919
NGA,2026Q2,ADM2,fixed,Awka North,159034.96465856297,32049.419006347656,20.152435708182495,2.4792643741419695,25.0,604.0,58.0,18.677000686986542,18.858148097899246,18.306,2.8587183189285543,42.2321462334034,14.773105119790879,11.958513171221407,31.289318525525864,66.60550699141827,26.226649970713638,426.8527173913526
NGA,2026Q2,ADM2,fixed,Awka South,535131.0279575586,274234.3644104004,51.24620888776982,20.712009019011674,88.0,1115.0,251.0,35.88403846763616,48.21226259961699,35.3095,9.633908562338627,135.34308340455016,14.048616148760258,21.260818140292983,26.0,88.06342713830878,68.44967945203541,3408.323624144638
NGA,2026Q2,ADM2,fixed,Badagry,1027633.2595086952,180638.2067642212,17.578081002417452,2.7754417276657817,33.0,301.0,35.0,28.77214368696564,76.48693414397148,28.728,8.31435603149588,271.0833903907794,32.6042557431844,19.816141569791892,29.258746515088202,89.12230890665217,66.90099519815062,2341.005946148389
NGA,2026Q2,ADM2,fixed,Bagudu,392666.4601041577,0.0,0.0,0.00645841657551628,1.0,1.0,1.0,,,19.675,,,,,,,,70.40799236254266
NGA,2026Q2,ADM2,fixed,Bakori,227986.17237597736,9637.56201171875,4.2272572548063225,0.09747198988584452,2.0,5.0,2.0,24.651960462519316,24.651960462519316,33.8595,18.637,49.00796046251932,2.629605648039884,18.0033977561854,28.592704266301787,100.0,19.756808876726282,309.5386857098525
NGA,2026Q2,ADM2,fixed,Bali,278325.9109919836,197.2488250732422,0.07086973123351184,0.0037795462220956712,1.0,3.0,1.0,110.47,110.47,110.47,110.47,110.47,1.0,11.174,34.0,100.0,100.0,28.6455153753142
NGA,2026Q2,ADM2,fixed,Bama,345903.72110411106,21221.787109375,6.13517167194267,0.01840150174933664,2.0,2.0,2.0,64.1859733593452,64.1859733593452,58.018499999999996,9.535,106.502,11.169585736759307,15.415287884005926,38.56360383799999,56.36038379999917,56.36038379999917,88.6462117854837
NGA,2026Q2,ADM2,fixed,Bassa (2),297892.6455353255,5335.1517333984375,1.7909645683970974,0.12470404964839941,5.0,5.0,5.0,7.081507082469097,7.111136572614337,8.437,0.711,15.24476380782324,21.441299307768272,6.399620191817648,45.776908441269825,8.508578187174937,0.0,204.82285976014307
NGA,2026Q2,ADM2,fixed,Batagarawa,288339.6949982867,12122.289306640625,4.204169428254634,0.4470557414743836,7.0,56.0,8.0,34.49525152451488,80.18006641072725,37.758,22.618643179843538,217.922,9.63461858729881,14.680472702823115,32.0,100.0,84.05956957556776,518.478750820752
NGA,2026Q2,ADM2,fixed,Bauchi,642816.289053833,41933.9533996582,6.523473986849519,0.1911568635004336,17.0,273.0,18.0,70.51610812645482,112.69543449037067,45.58,3.3129269788934277,295.5949034270219,89.22469626111575,26.47430053572929,36.0,85.71377297041333,74.4749179182379,199.7018333941308
NGA,2026Q2,ADM2,fixed,Bende,247893.55920669553,5866.072998046875,2.3663676526406636,0.12534214123410115,2.0,3.0,2.0,66.52671714146766,66.52671714146767,185.123,27.998,317.92671714146763,11.355336707674391,22.308618935729093,27.264368169136656,100.0,100.0,419.5636800743458
NGA,2026Q2,ADM2,fixed,Biase,117918.31125021057,1.8417690992355347,0.0015619025405880257,0.029143865816874212,1.0,1.0,1.0,15.508,15.508,15.508,15.508,15.508,1.0,17.185,26.0,100.0,0.0,92.69510357788035
NGA,2026Q2,ADM2,fixed,Bida,344303.26577353774,6408.313217163086,1.8612409042260127,0.15734980258404446,3.0,8.0,5.0,39.734159758714156,50.569199341123024,17.998,4.989,81.727,16.381439166165567,11.826179773439698,29.30285149173916,62.61696347961867,58.73991206838242,495.25969628175403
NGA,2026Q2,ADM2,fixed,Binji,112818.84265273843,4.659262180328369,0.004129861706408203,0.03276428048190014,1.0,7.0,1.0,54.187,54.187,54.187,54.187,54.187,1.0,24.294,57.0,100.0,100.0,104.30133727935348
NGA,2026Q2,ADM2,fixed,Birnin Gwari,358041.43508625694,14009.69970703125,3.9128710629975347,0.011546256320661735,2.0,6.0,2.0,6.151476630745335,6.151476630745335,6.468500000000001,5.957,6.969876630745335,1.1700313296534053,5.621229185345741,46.958332265957615,0.0,0.0,57.218162007363894
NGA,2026Q2,ADM2,fixed,Birnin Kebbi,628859.6415068957,96485.21267557144,15.342885169792448,0.4815802209691909,14.0,115.0,20.0,27.1302342683605,55.642309895566186,28.810000000000002,5.848238809947371,149.34981133225827,25.537570572225366,18.2204443284659,73.06648195524704,89.54664718294265,45.81224044701162,606.7028180828861
NGA,2026Q2,ADM2,fixed,Birnin Kudu,434600.6732943618,926.6551513671875,0.2132199069879373,0.02475776679266316,1.0,1.0,1.0,183.166,183.166,183.166,183.166,183.166,1.0,50.137,30.0,100.0,100.0,299.5320118375052
NGA,2026Q2,ADM2,fixed,Biu,262179.95094147406,5042.475806117058,1.9232881034609242,0.022821805751419216,2.0,5.0,2.0,31.21825397142213,31.218253971422133,18.7465,11.249453971422133,31.227,2.775868062514713,32.67956405794632,37.003153489732014,99.96496122519984,99.96496122519984,82.84131730869603
NGA,2026Q2,ADM2,fixed,Bodinga,325508.90339601215,1448.3980712890625,0.4449641948893024,0.05116627248558302,1.0,2.0,1.0,3.232,3.2320000000000007,3.232,3.232,3.232,1.0,7.423,42.0,0.0,0.0,468.9344918317445
NGA,2026Q2,ADM2,fixed,Bokkos,349381.9768626594,607.2685546875,0.1738122155414487,0.022856772540365246,1.0,3.0,1.0,32.658,32.658,32.658,32.658,32.658,1.0,16.283,32.0,100.0,100.0,219.36587371661443
NGA,2026Q2,ADM2,fixed,Boluwaduro,54011.99647307396,80.88166046142578,0.14974758524570903,0.21704901186949874,1.0,7.0,3.0,213.66,213.66000000000003,213.66,213.66,213.66,1.0,27.03,23.0,100.0,100.0,319.60193370116946
NGA,2026Q2,ADM2,fixed,Bomadi,82098.28436857523,1883.2706298828125,2.2939220281729447,0.17876326770810969,1.0,2.0,2.0,37.92,37.92,37.92,37.92,37.92,1.0,19.223,24.0,100.0,100.0,395.7480469593344
NGA,2026Q2,ADM2,fixed,Bonny,215181.04455062855,112778.96138763428,52.411197102958226,4.773341924393469,31.0,141.0,58.0,67.61008095327783,78.79072657307916,44.243,19.12849502085224,174.71276210821344,9.13363868499621,21.43071353970822,24.204064427136583,95.31154022915194,78.90565720527887,891.3803274623157
NGA,2026Q2,ADM2,fixed,Borgu,422952.02440049197,35344.21505737305,8.356554175966236,0.04389195764546302,13.0,31.0,16.0,89.42195721724866,97.37930734478128,86.963,22.638573559235482,226.50501759475034,10.0052689716551,19.590068087141226,23.01783552997925,92.4648234403974,86.66010115039111,39.336034429048425
NGA,2026Q2,ADM2,fixed,Boripe,179853.21280750632,16614.072265625,9.237573244469502,1.822637833940027,4.0,14.0,5.0,46.17253208057625,76.68519850198176,19.8525,10.48790553512479,147.446,14.058669722585904,11.572796539395853,31.78418515156536,100.0,63.829362991769145,2233.9680837159735
NGA,2026Q2,ADM2,fixed,Bosso,374952.1796227891,22042.712509155273,5.878806340406068,0.3606035095163271,19.0,256.0,49.0,135.5077397188075,113.9421923040952,76.735,36.94065187847581,163.7149782210669,4.431837823534961,21.229320353390815,28.641600207624464,95.75382917462032,93.35088076993067,195.7288941191062
NGA,2026Q2,ADM2,fixed,Brass,60587.7352107785,1239.551025390625,2.0458778019649597,0.028305105526162392,1.0,4.0,1.0,45.357,45.357,45.357,45.357,45.357,1.0,6.99,75.0,100.0,100.0,46.12221710344147
NGA,2026Q2,ADM2,fixed,Bungudu,587821.0038634604,1979.5825958251953,0.3367662235296741,0.05157418001195038,3.0,5.0,3.0,15.408426001402674,36.1819913322826,15.454,15.267,273.4785166609619,17.91304884135468,17.85249169118547,29.766352096409253,100.0,6.518678132955586,282.9413987784333
NGA,2026Q2,ADM2,fixed,Burutu,127106.92791578366,4438.36589050293,3.491836332826505,0.06198425936574623,3.0,10.0,3.0,47.9081196707976,76.48383135378441,31.528,12.279,130.981,10.667073865949996,14.387678940445493,49.24370668448116,100.0,55.22724169136409,70.84064642413995
NGA,2026Q2,ADM2,fixed,Bwari,941141.5623752598,574623.2907180786,61.05598920398757,6.8937107651299945,195.0,2721.0,620.0,37.41568817879152,51.989755387902655,38.379,5.159754138097746,107.40476019091541,20.815867833290305,20.157292903969044,31.0,83.23228456683206,66.02295304040031,912.9271484367963
NGA,2026Q2,ADM2,fixed,Calabar Municipal,517627.9558334361,345006.44955444336,66.65143288077365,27.21803754216947,47.0,347.0,91.0,27.146758684982142,46.118699766605886,38.355,4.985460908470414,114.50173974759397,22.96713219695552,15.045853888157254,39.0,78.75243296483194,55.66459871766447,8077.8602166080855
NGA,2026Q2,ADM2,fixed,Calabar South,427264.610418507,160129.53930664062,37.477838183179564,3.8600135666918614,16.0,89.0,21.0,28.99303921726008,50.627335100400906,25.6685,10.002373257269522,130.53710489137842,13.050613242862807,17.146964397922165,39.50009530514226,91.64134863571675,57.642078475934674,2777.335372301605
NGA,2026Q2,ADM2,fixed,Chanchaga,487942.751701355,217615.6202392578,44.598596757606785,23.66874750711293,52.0,417.0,68.0,32.20256444846197,64.64010725230567,28.6235,8.46240296610925,184.65591507092026,21.820742383746268,15.939119246725523,34.0,88.92882098474996,60.669903140350165,6109.444205190891
NGA,2026Q2,ADM2,fixed,Chikun,1339095.811659666,368462.9284553528,27.51580023229872,0.510055926707039,63.0,547.0,95.0,33.447396250608634,64.24622025414631,36.854,6.32392921491221,197.9545986563735,31.302469070903655,24.977076218948973,40.0,84.94442541991724,55.36685781157325,299.8183734699195
NGA,2026Q2,ADM2,fixed,Dala,309831.15625,109787.966796875,35.43477296656636,12.863083182702791,5.0,24.0,5.0,30.80743648564194,40.202130142911,30.732,10.87,113.4410381567681,10.436158064100102,18.638237156439118,38.97831634446718,100.0,65.57506559310649,22282.633258369264
NGA,2026Q2,ADM2,fixed,Damaturu,445211.6757737399,66793.5424041748,15.002648411700644,0.15076166520955717,10.0,60.0,12.0,156.8012715701035,157.7260181487723,52.216499999999996,7.5839690296764015,325.57566749245797,42.929456359653656,23.851616315616557,44.14463103202872,91.73449416853958,76.68603467959709,187.26040755757094
NGA,2026Q2,ADM2,fixed,Damboa,208159.38943064946,6917.772216796875,3.323305393870597,0.014998665854043367,2.0,3.0,2.0,5.011687379917449,5.01168737991745,5.513,4.179,6.847,1.6384302464704474,6.207605756657047,140.74525109144298,0.0,0.0,43.371405410607885
NGA,2026Q2,ADM2,fixed,Dange Shuni,396362.46095078567,42881.48828125,10.818756190580414,0.18923696958710942,6.0,18.0,6.0,84.16132144213053,125.48092112182074,82.2245,2.6444808565899445,342.146,129.38115968863428,23.510051751047694,41.46728286893139,84.55126175839715,64.0792417547013,352.1323948060432
NGA,2026Q2,ADM2,fixed,Daura,389050.41710610915,53928.799072265625,13.861647925584192,0.326639547604086,2.0,11.0,2.0,73.58526388248482,73.58526388248481,90.50649999999999,7.295,173.718,23.813296778615488,18.479632813192783,67.88883155710631,39.83239328847865,39.83239328847865,1790.2718379478556
NGA,2026Q2,ADM2,fixed,Dawakin Kudu,468345.14285528706,19529.14910888672,4.169819930196434,0.4227536254638738,5.0,23.0,6.0,33.55080188302859,48.46684887728814,28.303,21.560785962931618,113.94096789233917,5.284638885068113,21.755558705176103,49.27064306995158,100.0,94.65473690843477,1105.6714680527432
NGA,2026Q2,ADM2,fixed,Degema,33107.127628159,193.58299255371094,0.5847169670770849,0.05593373692893111,1.0,1.0,1.0,16.79,16.79,16.79,16.79,16.79,1.0,11.184,25.0,100.0,0.0,49.83394293591239
NGA,2026Q2,ADM2,fixed,Dekina,408812.0705010967,5728.2523193359375,1.4011945176458702,0.030092969746398905,2.0,6.0,2.0,7.364870500589622,7.364870500589621,11.682,3.942,19.422,4.926940639269406,13.266406013633041,75.65937619916599,22.111566541276627,0.0,167.3396285345983
NGA,2026Q2,ADM2,fixed,Doguwa,230818.83624796334,162.60955810546875,0.070448998335119,0.025783355535256073,1.0,2.0,1.0,114.099,114.099,114.099,114.099,114.099,1.0,42.903,23.0,100.0,100.0,164.95755899416733
NGA,2026Q2,ADM2,fixed,Doma,188608.0411488275,134.0196533203125,0.07105723197377348,0.011867431236389985,1.0,1.0,1.0,44.304,44.304,44.304,44.304,44.304,1.0,48.785,27.0,100.0,100.0,61.169082286373154
NGA,2026Q2,ADM2,fixed,Donga,238242.55500831653,728.3741455078125,0.3057279777252164,0.011875032591562562,1.0,11.0,1.0,71.628,71.628,71.628,71.628,71.628,1.0,28.677,34.0,100.0,100.0,77.04813580690512
NGA,2026Q2,ADM2,fixed,Dunukofia,229292.79366099834,17206.300512313843,7.5040738252562695,2.1524186765741553,5.0,6.0,5.0,39.85035982602912,40.492519649272666,39.483,21.63167105090509,43.491458416349076,2.0105454781557133,18.29452427471741,29.671823055139743,98.45540900797799,98.45540900797799,2670.8294174474845
NGA,2026Q2,ADM2,fixed,Dutse,484286.33605013735,25330.812866210938,5.230544613917928,0.2304865778288998,7.0,48.0,7.0,27.577718754409215,85.17599083206194,27.185,13.84061391172919,261.118,18.866070657365587,16.36055940740211,83.56850107627739,100.0,55.53698783093456,444.7610937010711
NGA,2026Q2,ADM2,fixed,Dutsin Ma,289926.9255503434,2277.145751953125,0.785420584042208,0.052910419247004126,1.0,1.0,1.0,0.522,0.522,0.522,0.522,0.522,1.0,1.422,69.0,0.0,0.0,430.3296654131368
NGA,2026Q2,ADM2,fixed,Eastern Obolo,27370.722113392374,3202.3742356300354,11.69999908063488,0.9401561943977564,4.0,10.0,7.0,7.776432448843044,91.09583172826817,36.877,2.555,387.383,151.61761252446183,7.059723722650876,35.31680092998894,25.11117431868331,24.9324158110716,173.12029812467952
NGA,2026Q2,ADM2,fixed,Ebonyi,415416.0189361572,100738.52264404297,24.250033232234326,2.0444444748390445,22.0,117.0,37.0,20.65096620934321,52.00748049248169,18.1565,4.892164950847809,154.19201388615565,31.518155138950146,13.859873675527583,36.563666805570755,85.69398189902311,43.67528310964013,1045.204007199367
NGA,2026Q2,ADM2,fixed,Ede North,260546.22205018997,79939.36437988281,30.681452124254484,12.458644442685227,33.0,232.0,46.0,27.518180652669276,45.4307474147091,31.79,4.205699211226301,102.59710569380479,24.39477968846218,9.970395601504755,29.0,70.22447455398928,58.14597590939303,2678.9308264687015
NGA,2026Q2,ADM2,fixed,Ede South,127631.4302710313,37387.967346191406,29.2936992610647,2.875359385838144,17.0,150.0,28.0,26.454933905144323,37.78240239303992,26.918,5.874424797200878,101.08976630149381,17.208453557812565,12.325400221676741,27.306330487454474,71.96100785194594,50.411730902412884,587.8664143044238
NGA,2026Q2,ADM2,fixed,Edu,152563.8597452962,103.22555446624756,0.06766055515282686,0.0451686793877326,3.0,7.0,3.0,128.64728283129352,135.11446219342582,122.08,76.713,188.312,2.4547599494218715,25.780073827874293,22.801688524239236,100.0,100.0,62.94782476766474
NGA,2026Q2,ADM2,fixed,Egbeda,676273.0177847147,440473.83139038086,65.13254555582486,16.34334925037275,97.0,1187.0,171.0,31.04148743337056,34.94133207928797,23.997,7.184043684638205,71.30397131230443,9.92532540758003,14.80127393052127,30.472756049246275,85.35859532642141,58.42647830448702,3098.4348998467403
NGA,2026Q2,ADM2,fixed,Egbedore,344118.2165378345,194167.2377319336,56.4245739982747,6.638614342354076,52.0,576.0,88.0,32.76764255842484,38.93481475424434,34.549,10.409160968689662,64.29818420497966,6.177076557696246,18.713689501386664,29.56779887379136,91.77277948021072,69.81845887471788,1196.9360415869955
NGA,2026Q2,ADM2,fixed,Egor,301292.0428132415,142603.0971069336,47.33052216560773,26.608711796149727,67.0,1225.0,126.0,24.833049058816368,35.52101516617092,28.999,9.991678921324636,79.51497473103086,7.958119486938963,18.31552907735539,47.630943356234894,89.99719273920864,49.07124979165657,3239.8827164286827
NGA,2026Q2,ADM2,fixed,Ehime-Mbano,256181.84743690694,10258.96630859375,4.004564106018617,0.581978755141554,3.0,17.0,4.0,76.96114961082202,77.6888381680026,53.121,17.623540749736588,117.489,6.666594509491861,18.637465683937542,22.58769324154704,100.0,81.53004593323135,1342.0142846012816
NGA,2026Q2,ADM2,fixed,Ekeremor,146670.3227182489,3076.953125,2.097870290304585,0.060651651180922486,3.0,10.0,3.0,67.59891981548908,77.69393070583264,65.38,50.895,113.652,2.2330680813439434,19.088798314440567,22.902102860852708,100.0,100.0,79.91098806475728
NGA,2026Q2,ADM2,fixed,Eket,453790.96679353854,128092.09265136719,28.22711380891046,3.5404577142940155,18.0,79.0,26.0,28.419739360242968,64.76804707152954,27.1905,5.543515457894341,201.86800716162844,36.41516086586441,18.209958312629414,41.309421576207335,77.2899615370566,71.86295903287652,2402.7823082680584
NGA,2026Q2,ADM2,fixed,Ekiti South-West,170082.47146601113,1730.4199829101562,1.017400539864544,0.37852991084340604,3.0,5.0,3.0,4.482,5.919585076131342,4.482,4.474,8.274,1.8493518104604378,1.2812195583173884,95.0,0.0,0.0,584.066357696251
NGA,2026Q2,ADM2,fixed,Ekiti West,166963.68861034606,973.2315673828125,0.5829001356421311,0.19659229911293755,2.0,24.0,6.0,89.27541435286834,89.27541435286834,84.30449999999999,68.708,99.901,1.4539937125225593,59.174623768784855,17.615519522651823,100.0,100.0,446.7010952643816
NGA,2026Q2,ADM2,fixed,Ekwusigo,290399.4021450318,12541.7587890625,4.318796353030669,1.2337989954320807,4.0,32.0,5.0,3.527630095873857,8.272440436250431,3.6025,2.183834075906963,46.2512968071486,21.178942721616835,12.793693062061838,33.997146918266736,8.613969379325832,8.613969379325832,2421.8092931327296
NGA,2026Q2,ADM2,fixed,Eleme,516617.89511671773,110415.85522460938,21.37282820984424,4.91603664556016,18.0,238.0,55.0,42.750733601231836,42.60716510550488,43.6255,25.236309215492383,60.939778374838745,2.4147658777864502,23.00608174697896,32.632662565373366,90.73971127342948,90.73971127342948,3800.192978705535
NGA,2026Q2,ADM2,fixed,Enugu East,446521.41354706953,301555.6079559326,67.53441129742022,11.48268173305755,115.0,1676.0,306.0,36.62811502577471,44.8266276596333,35.755,13.880131675429414,89.29314515464907,6.433162684811964,24.562865666055746,30.51529773182359,95.55343645296688,75.33029724012273,1207.7517221900032
NGA,2026Q2,ADM2,fixed,Enugu North,324318.03684711456,261560.41186523438,80.6493571581822,49.919220435559815,80.0,1244.0,264.0,41.28695438122718,43.2865400365859,40.7285,17.986558455105488,69.47397615396169,3.8625497105168267,22.55737366722104,31.0,97.55780052608384,76.30359320699142,5481.133269297519
NGA,2026Q2,ADM2,fixed,Enugu South,281965.1804468632,170069.2887878418,60.315705832299265,27.255116244600906,67.0,974.0,166.0,42.49840351880284,52.780608516752196,40.16,7.321284059887288,123.1471264278341,16.8204273212874,21.64498211534335,37.0,85.42240277643228,65.7022187824864,3106.236756351266
NGA,2026Q2,ADM2,fixed,Epe,302261.1552685594,55780.50150680542,18.454406242589915,0.729603882248229,26.0,179.0,33.0,16.449369543808835,25.61386094499489,22.5475,5.3876236371641575,43.19267944979093,8.017018700386787,16.35092293180286,30.26985526016052,74.04222428495763,24.155987985409716,229.8617546728651
NGA,2026Q2,ADM2,fixed,Esan Central,184205.2193033165,19360.936734199524,10.510525601513693,0.8833347405138143,6.0,32.0,7.0,23.656898364888992,30.247598342513886,24.2925,18.71090207671912,66.61426354714979,3.5601844996043255,12.481013054808065,33.84250828667397,100.0,53.57266494293372,735.4001781938858
NGA,2026Q2,ADM2,fixed,Esan North-East,327872.4932618478,65635.22102355957,20.01852011755726,1.7090655036671893,16.0,68.0,24.0,37.4171838445585,57.29267401862293,59.6635,6.7466789683961,123.53928362908744,18.31112525255617,11.463942921656315,27.25026352624016,87.38393666456122,62.255241057025245,949.5722324075526
NGA,2026Q2,ADM2,fixed,Esan South-East,208784.51220484404,9531.2861328125,4.56513082898654,0.08533030596077532,3.0,18.0,3.0,77.81658001779641,83.90135221805512,67.748,33.33244539075,152.648,4.579561991643161,17.003128271995898,26.0,100.0,100.0,160.91120472638383
NGA,2026Q2,ADM2,fixed,Esan West,377913.9640959634,152032.7891845703,40.22947115708187,2.170788861400063,30.0,425.0,53.0,24.25656744255346,44.825158383810624,31.6905,3.208499306546561,130.45608274165724,40.659532783902165,10.657506291184726,38.842867141847776,62.01887758862128,42.740710002666454,741.5418292216921
NGA,2026Q2,ADM2,fixed,Esit Eket,78571.82348905748,3471.742431640625,4.418559067964264,0.7521849802208344,3.0,7.0,3.0,6.66707602971543,11.86583057820263,3.513,3.48,24.17,6.945402298850575,21.09533312082331,75.28172797078574,40.48337523013824,0.0,530.3197226672162
NGA,2026Q2,ADM2,fixed,Essien Udim,348968.7023779174,3814.1763916015625,1.0929852349541023,0.6222844076935953,5.0,10.0,6.0,85.16923599652782,142.76716291433297,59.434,53.44440592140414,323.2,6.047405606403428,25.714,34.471645776418875,100.0,100.0,1170.6258775269375
NGA,2026Q2,ADM2,fixed,Etche,631541.514942859,81835.26220703125,12.958017845340793,0.45713302507322195,10.0,154.0,12.0,36.65458767218363,38.59892478298911,40.8645,4.130358054950824,95.1827453454815,23.044671691693022,12.912833664383095,46.59378568044181,84.97577578459374,52.607121453752804,777.8216156612033
NGA,2026Q2,ADM2,fixed,Ethiope East,366841.5978344813,101507.91430664062,27.67077531715499,2.5096193337123798,31.0,258.0,55.0,20.686232443194463,32.134968543083275,30.566,1.402916399888582,76.53701004258778,54.55564568827213,15.03433577798712,57.93391548098741,70.71881240801592,44.32661740528685,802.3722528031823
NGA,2026Q2,ADM2,fixed,Ethiope West,338560.25180426985,93305.11505126953,27.559382577849554,1.6986882511906845,25.0,95.0,26.0,44.52112817653908,56.988418491110416,40.814,23.79933281958224,97.43464482274256,4.094007406063615,23.135933742724582,35.26916182157569,95.4837837384444,85.49442737870524,621.8999705709659
NGA,2026Q2,ADM2,fixed,Eti Osa,747759.7699574232,729480.9950790405,97.55552844472717,78.4336543072685,378.0,13517.0,3213.0,41.77394462601936,46.68121448678505,39.3855,22.2610407655688,76.50866699618578,3.436886343360994,26.639512768248785,19.0,97.87386123910832,87.01000727468136,4202.506130992211
NGA,2026Q2,ADM2,fixed,Etinan,168743.64024651152,1834.202392578125,1.0869757164765466,0.19633932565206896,1.0,2.0,1.0,55.292,55.291999999999994,55.292,55.292,55.292,1.0,29.56,32.0,100.0,100.0,892.0293529732826
NGA,2026Q2,ADM2,fixed,Etsako Central,126229.9107714083,648.8839111328125,0.5140492512173969,0.05196761813630246,1.0,2.0,1.0,284.255,284.255,284.255,284.255,284.255,1.0,30.808,34.0,100.0,100.0,178.09716936587176
NGA,2026Q2,ADM2,fixed,Etsako East,261890.25072582942,1830.364501953125,0.6989051699634735,0.06484004928222914,2.0,2.0,2.0,64.31097977250892,64.31097977250893,81.273,31.486,131.06,4.16248491393,69.30201886190969,88.01251231630908,100.0,100.0,230.83345133355334
NGA,2026Q2,ADM2,fixed,Etsako West,508079.9328810649,123339.9851527214,24.27570489810975,1.8501671893866982,45.0,388.0,74.0,29.24859563718076,58.96564220743107,32.684,12.347660354781626,183.76512465597798,14.88258660960131,18.32071022888149,28.257385135296275,94.4085124769448,53.04177996105391,567.2575851850105
NGA,2026Q2,ADM2,fixed,Etung,67186.06952083569,0.0,0.0,0.0381769287827247,1.0,1.0,1.0,,,212.987,,,,,,,,69.30524299208238
NGA,2026Q2,ADM2,fixed,Ewekoro,218512.57484243094,59982.09101486206,27.450178122753368,3.584605808205832,61.0,655.0,105.0,36.02451727166426,38.17293857014864,37.672,17.44248118413933,54.18505717878717,3.106499391156479,17.46429460764418,26.950244683398736,93.25284018678438,74.40541023141446,348.58524039583426
NGA,2026Q2,ADM2,fixed,Ezeagu,263558.49144094577,130.95532989501953,0.04968738786561238,0.10998016024591764,2.0,5.0,2.0,127.83262844467416,127.83262844467417,117.452,9.493,225.411,23.744969977878437,18.074554043889343,51.73078328699857,54.807671636766806,54.807671636766806,392.28885571937457
NGA,2026Q2,ADM2,fixed,Ezza North,211557.99518585205,8182.968994140625,3.8679554450078575,0.19425199210407335,2.0,14.0,2.0,6.8758321340887925,6.875832134088793,6.6375,4.725,8.55,1.8095238095238098,11.727666017332886,54.19150985206153,0.0,0.0,556.3015375887304
NGA,2026Q2,ADM2,fixed,Fagge,381911.3342247009,196796.07263183594,51.52925692329655,34.480917740184324,34.0,342.0,97.0,26.243412677193987,39.26731006557411,30.692,10.474209314859987,80.60468608638315,7.695538981832981,20.80333089442877,48.22182797584359,91.94064320451864,52.59507218674597,10828.022378562428
NGA,2026Q2,ADM2,fixed,Funakaye,410640.14996398817,7848.95947265625,1.9113960174972122,0.056562010765100514,2.0,2.0,2.0,140.71090438814014,140.71090438814014,217.2055,58.592,375.819,6.41416916985254,7.830500383429358,45.06026805279785,100.0,100.0,322.1655160047884
NGA,2026Q2,ADM2,fixed,Funtua,289963.97105652204,25971.45751953125,8.956787777771428,0.37392303091228773,4.0,71.0,4.0,8.56946788135194,11.288003005741071,8.688,7.297,24.37261778654694,3.340087403939556,25.04921800415163,65.53859497385655,19.66054231146365,0.0,754.9800667269883
NGA,2026Q2,ADM2,fixed,Ganjuwa,549914.2172986667,274.10965728759766,0.04984589389852501,0.013293675249683803,2.0,15.0,2.0,90.31219591430674,90.31219591430674,79.93350000000001,28.055,131.812,4.698342541436465,16.696566473051274,65.9995668849851,100.0,100.0,101.09583331508935
NGA,2026Q2,ADM2,fixed,Ganye,269171.16253660293,18623.248149871826,6.918738238662311,0.05239966201958152,3.0,18.0,3.0,18.655724809552883,18.645592231718886,39.997,1.568,47.01893053157987,29.986562839017772,13.326737823576764,295.16397517974735,44.36378431716375,44.36378431716375,128.46906976684872
NGA,2026Q2,ADM2,fixed,Garun Malam,160705.30484580994,14075.8408203125,8.758790404472139,0.18099585200135232,1.0,1.0,1.0,7.741,7.741,7.741,7.741,7.741,1.0,1.398,50.0,0.0,0.0,810.8799639760414
NGA,2026Q2,ADM2,fixed,Gbako,102194.88941687225,0.8637877702713013,0.0008452357795973025,0.02371598037304104,1.0,2.0,1.0,92.332,92.332,92.332,92.332,92.332,1.0,13.149,20.0,100.0,100.0,66.5030264501962
NGA,2026Q2,ADM2,fixed,Geidam,302563.59311838856,109.71556091308594,0.036261983731187344,0.00907353970078999,1.0,1.0,1.0,3.471,3.471,3.471,3.471,3.471,1.0,7.649,41.0,0.0,0.0,77.06118232341454
NGA,2026Q2,ADM2,fixed,Gezawa,493220.2627355316,24038.951171875,4.8738774515362655,0.8507002696338021,9.0,103.0,18.0,45.08374714435419,80.41178980375507,33.172,18.173851071801074,231.01454682598248,12.711370084045063,18.15232295483313,37.618198103033606,98.55155395714932,80.53285866502262,1303.2549466124115
NGA,2026Q2,ADM2,fixed,Giwa,389888.3930263906,538.6327362060547,0.13815049276668157,0.03126551188278956,2.0,4.0,2.0,15.760719341237715,15.760719341237714,15.412,13.753,17.071,1.2412564531374974,14.221197934267964,163.0708443821338,100.0,0.0,169.3404639723041
NGA,2026Q2,ADM2,fixed,Gombe,309643.3083753586,11275.441162109375,3.641428978804528,1.307484891534359,2.0,2.0,2.0,30.05318807790724,30.05318807790724,22.897000000000002,0.036,45.758,1271.0555555555557,49.66584477094085,53.65651520226384,65.65152022638388,65.65152022638388,5591.987893275518
NGA,2026Q2,ADM2,fixed,Gumel,220106.75528767708,19278.92578125,8.758897815767925,0.1496903414796974,1.0,7.0,1.0,30.616,30.615999999999996,30.616,30.616,30.616,1.0,13.51,61.0,100.0,100.0,925.3874901030656
NGA,2026Q2,ADM2,fixed,Gurara,134226.5630311542,3428.696044921875,2.5544094756609907,0.0409561863838362,1.0,1.0,1.0,11.558,11.558000000000002,11.558,11.558,11.558,1.0,2.664,27.0,100.0,0.0,150.93708151662184
NGA,2026Q2,ADM2,fixed,Gusau,991636.4218876908,127637.77075195312,12.871428270956441,0.2464413929405588,14.0,25.0,14.0,92.3771316949221,95.97131813968082,52.7805,14.898704435136862,183.68305499859818,12.328793808769241,21.606237980811997,39.362391729615034,100.0,74.37310353155486,488.58536656114177
NGA,2026Q2,ADM2,fixed,Gwagwalada,498179.2324673696,118582.8070678711,23.803241753084958,0.9856171619446655,28.0,147.0,35.0,37.9456627812484,84.51134787757411,44.8325,4.013956150420142,196.60995366648314,48.98158980782685,24.567253751071938,33.676756535651464,77.4516265982082,69.61621646945022,480.6539502651972
NGA,2026Q2,ADM2,fixed,Gwale,665358.3239746094,375343.2302246094,56.41219425683968,30.736778075565898,31.0,552.0,43.0,31.18106353552204,51.39826512319477,34.346,5.485284863373368,133.01462049490607,24.249355103338072,20.209311512072528,63.62919537045139,79.54128762809299,60.20136177690921,18436.290941512896
NGA,2026Q2,ADM2,fixed,Gwandu,182526.86380952862,4021.850341796875,2.203429269454702,0.07050348543320674,2.0,4.0,2.0,6.079,6.079,7.6515,6.079,6.079,1.0,8.601,62.0,0.0,0.0,180.63209806724245
NGA,2026Q2,ADM2,fixed,Gwoza,319788.36211157206,12138.7998046875,3.795885417635165,0.010040414718617446,1.0,1.0,1.0,138.537,138.537,138.537,138.537,138.537,1.0,15.304,42.0,100.0,100.0,89.1658056791922
NGA,2026Q2,ADM2,fixed,Ibadan North,419122.72497558594,372715.86376953125,88.92761989730862,76.5081529055147,81.0,1101.0,274.0,30.350244409574543,37.82244938153154,30.837,11.256475193110155,69.82958825137409,6.20350394358931,19.975226525697124,29.630812146543132,90.53572193594425,63.554654035608,10766.81419274221
NGA,2026Q2,ADM2,fixed,Ibadan North East,279969.0361328125,103473.4072265625,36.958875401305626,29.968332558166487,15.0,192.0,35.0,21.357862849602107,28.722444325605505,23.398,5.863760231539539,50.489929649173725,8.610503781788758,19.08585870712006,28.438793465429548,81.93443494503902,38.58374841324835,15210.402238106348
NGA,2026Q2,ADM2,fixed,Ibadan North West,248738.5411376953,242887.11682128906,97.64756024955254,65.55453753169057,52.0,690.0,140.0,29.525713008193602,40.462743896739035,31.6885,13.549795547427486,70.43471064456065,5.198212061430929,16.701777761882386,49.0,94.5570378886053,63.22455434708002,8527.963691856065
NGA,2026Q2,ADM2,fixed,Ibadan South East,237240.4814453125,127026.9453125,53.54353714788832,34.50407417985934,15.0,257.0,35.0,25.2292196528496,26.96095233700396,26.884,12.809095351460263,44.49767029547709,3.473912019118842,15.928203039262062,38.37019947638719,100.0,54.85735466763639,14836.85303225987
NGA,2026Q2,ADM2,fixed,Ibadan South West,267320.2609863281,245498.17797851562,91.83672688059788,79.52882532306914,52.0,1019.0,183.0,29.96363925821213,35.43784558198837,30.286,11.306749560612138,65.8673907983601,5.8254930336313295,21.687705551846648,27.0,91.04755040513078,60.00904830983724,11116.282039175427
NGA,2026Q2,ADM2,fixed,Ibarapa Central,115869.34441352179,11296.1201171875,9.749015301988072,0.25447245050359474,3.0,26.0,3.0,87.08116912005129,83.0871094305489,85.949,65.666,94.092,1.432887643529376,15.486125579440838,42.0,100.0,100.0,267.31187802278913
NGA,2026Q2,ADM2,fixed,Ibarapa East,146293.99749012373,3430.3837890625,2.344856144418423,0.09754280318060733,2.0,11.0,3.0,4.798744316430064,4.7987443164300645,8.373,0.863,15.883,18.404403244495942,12.14773506517612,133.88750077219515,26.20335763269017,0.0,194.17604807752204
NGA,2026Q2,ADM2,fixed,Ibeju Lekki,277837.2476155777,164523.7599697113,59.21587597835346,11.983370589126471,135.0,1488.0,307.0,37.322489120973245,46.045077623789204,36.354,17.03303695667201,84.21351366054853,4.944127924736361,21.02617734613851,22.0,93.89951551043339,72.92914141141193,668.0074174910778
NGA,2026Q2,ADM2,fixed,Ibeno,100286.71314788422,21145.19962310791,21.084746881600253,0.6960389502149475,5.0,33.0,7.0,13.283253901215007,25.95340809255029,95.292,10.364,97.03533661976019,9.362730279791604,19.200037349479903,36.43517555547963,100.0,16.098188323470378,375.70991724929763
NGA,2026Q2,ADM2,fixed,Ibesikpo Asutan,360186.14058017766,70925.62866210938,19.691381947085574,4.0181698404000485,19.0,96.0,23.0,41.40572987975793,71.09109032360251,27.504,11.462879018451034,214.9118286641683,18.748503610501256,24.32593935882963,19.81465845726861,89.88456341538095,71.47394520940415,2052.598840021528
NGA,2026Q2,ADM2,fixed,Ibiono Ibom,248903.27602034246,8375.913940429688,3.365128042647835,0.22158871653494136,2.0,2.0,2.0,32.71677745889933,32.71677745889932,20.0245,10.49997745889933,33.91,3.229530742588341,25.805331632288784,35.30076546713135,95.70335046955216,95.70335046955216,743.3195126150584
NGA,2026Q2,ADM2,fixed,Idanre,233017.4720271508,313.0238265991211,0.1343349165519434,0.056928796012333895,3.0,4.0,3.0,16.56280161085276,19.458170381175506,22.207,2.816,43.823,15.562144886363637,11.331131939254917,32.59009175625572,44.808650923161004,36.79369393349997,120.01158230321725
NGA,2026Q2,ADM2,fixed,Ideato North,376380.2953929901,7195.784423828125,1.911838773683619,0.35965250620766104,2.0,3.0,2.0,189.64460242910064,189.64460242910064,174.434,21.698,327.17,15.078348234860357,19.001533052503405,33.65350591447101,100.0,54.97937697369992,1829.2628004574515
NGA,2026Q2,ADM2,fixed,Idemili North,592842.6532070637,54269.670166015625,9.154143999666083,2.9041347529092096,10.0,47.0,14.0,33.62068182604601,64.06911181315401,40.817,12.143670476235787,159.37242919980147,13.123909242405816,16.17280591417616,28.0,93.40820175058124,69.60043590905477,4657.561511806522
NGA,2026Q2,ADM2,fixed,Idemili South,399570.6916515827,45899.05322265625,11.487092066972536,4.622036985402144,13.0,52.0,16.0,23.749290441013432,42.65270449487906,18.06,11.590062665794498,116.79947376527609,10.077553256893411,13.916701980719811,31.0,95.51885559279891,46.75796210861469,3842.1880177682388
NGA,2026Q2,ADM2,fixed,Ido,1066213.3217010063,627109.348739624,58.8164990978683,8.959892817166223,180.0,2169.0,330.0,28.985410083236847,35.28765100939672,29.238500000000002,3.9343160458355384,62.70609774190515,15.938246193586648,18.82343698290091,33.0,83.51450187691971,58.596120051738296,1443.4102217256975
NGA,2026Q2,ADM2,fixed,Ido-Osi,256042.22525054408,29597.402801513672,11.55957880484433,1.125579240120328,7.0,38.0,8.0,3.5785246067881666,5.188773935459011,9.177,1.0058309460224213,12.33230054424144,12.260808432082717,7.506434392658534,40.285778743352026,24.412576141659027,0.30399283466874666,1122.062700831792
NGA,2026Q2,ADM2,fixed,Ifako/Ijaye,645499.7880859375,626801.8662109375,97.1033419034197,97.84240250166268,85.0,2767.0,451.0,36.016300475279174,38.8655909832206,36.383,14.753555263717548,58.45948226774056,3.9623996536960915,21.98820734614988,26.0,97.94985713472934,73.9375402619042,20142.046276372577
NGA,2026Q2,ADM2,fixed,Ife Central,301027.7655519545,86677.75268554688,28.793939498111556,7.955855520693739,31.0,834.0,73.0,41.273436138024266,55.458257732325585,41.443,3.9933803996286787,111.9810020004786,28.041656640296793,15.756684525865856,27.308194213190518,80.37167527817097,63.2439220890083,2101.984206100849
NGA,2026Q2,ADM2,fixed,Ife East,428666.06254071643,77961.61303710938,18.18702711733898,2.0283037536202015,15.0,839.0,29.0,9.992080263500961,22.99029379767297,12.074,1.9903146714824456,79.9577567279177,40.173424772256126,7.401585924982922,29.988516344116096,53.94450448309186,21.810444454242,1576.8763535595215
NGA,2026Q2,ADM2,fixed,Ife North,144553.38841378447,6865.051940917969,4.749146330120425,0.339265953973193,4.0,26.0,7.0,28.763711674085595,38.170366498412726,71.0555,17.542,103.31030396710048,5.889311593153601,3.926348250481777,51.73406303421605,100.0,39.14752233236354,333.5801659049014
NGA,2026Q2,ADM2,fixed,Ifedayo,40635.482824358405,4.558834552764893,0.011218851692915432,0.3289478331336279,1.0,1.0,1.0,206.793,206.793,206.793,206.793,206.793,1.0,13.758,36.0,100.0,100.0,364.5681003707377
NGA,2026Q2,ADM2,fixed,Ifedore,551722.418667588,244710.1851196289,44.353859266876455,7.094680190598444,74.0,3106.0,144.0,15.575358608315446,34.83141774696728,16.065,2.1249753675823695,127.36840080040251,59.93876575864138,12.042889851741208,40.53424101948919,68.08365581270239,36.194777312767314,1437.7807297990978
NGA,2026Q2,ADM2,fixed,Ifelodun (1),252756.04402583002,34141.46063232422,13.507673283901841,0.1550296089704419,14.0,138.0,17.0,39.79131044913002,39.62950188719543,37.2775,9.537429279110636,71.8113088431126,7.529419798728929,15.355094914109703,33.59298378567763,89.19025103300713,69.93681469684606,76.48759878094353
NGA,2026Q2,ADM2,fixed,Ifelodun (2),199272.23167729555,17181.733612060547,8.622241778214692,0.9358272979529106,4.0,5.0,4.0,11.282617984435243,38.83636533241594,65.5975,5.534,174.80311561111472,31.587118831065183,6.170123491073016,35.324486232792545,33.075006963406885,25.836637447009096,1270.77705570081
NGA,2026Q2,ADM2,fixed,Ifo,2244018.0406622146,845716.6509075165,37.6876048045471,9.103676798509934,128.0,3142.0,369.0,26.41655128029731,29.921067909740795,29.807000000000002,6.549514964370587,48.26998984813086,7.370009857328365,19.62070510542882,35.59787776307438,80.01176631104948,56.127840973512164,4327.0174198958
NGA,2026Q2,ADM2,fixed,Igabi,1209686.527798176,86068.12145996094,7.114911134591104,0.2802425042368113,25.0,132.0,35.0,13.04083428189093,24.457041196392343,32.826,5.194851461780764,49.076499455846715,9.447142005292985,21.65435246308072,41.923098476117836,60.93072246550795,40.725473259926595,375.48762143835944
NGA,2026Q2,ADM2,fixed,Igalamela-Odolu,242152.08742746504,1055.4249267578125,0.43585208699634176,0.017716387038036508,1.0,8.0,1.0,62.307,62.307,62.307,62.307,62.307,1.0,13.476,53.0,100.0,100.0,116.5280931411981
NGA,2026Q2,ADM2,fixed,Igbo-Etiti,280077.6208206442,3044.614013671875,1.0870607957718912,0.10400491699372191,1.0,13.0,1.0,26.063,26.063,26.063,26.063,26.063,1.0,17.378,67.0,100.0,100.0,789.5525982311035
NGA,2026Q2,ADM2,fixed,Igbo-Eze North,411384.66872215323,19616.666137695312,4.768448517692401,0.8066713600070115,6.0,44.0,13.0,48.99818975297926,39.854769903712786,38.0935,8.439,74.09048453840713,8.779533657827601,7.496064113708182,26.41278463364612,76.18747695585722,66.13551538721015,1501.3056163351746
NGA,2026Q2,ADM2,fixed,Igbo-Eze-South,353766.9364566803,1661.5892333984375,0.469684716734941,0.44332503145019947,2.0,3.0,2.0,7.53125022099697,7.531250220996968,10.514,4.935,16.093,3.260992907801419,8.042440360373993,143.93450580260526,23.268060772512722,0.0,2127.694161406623
NGA,2026Q2,ADM2,fixed,Ihitte/Uboma,109973.7287719252,1951.8319091796875,1.7748165229784985,0.7613788411172245,2.0,8.0,2.0,27.10203082370085,27.10203082370085,25.9625,14.684,37.241,2.536161808771452,22.71023359031979,28.439125446747447,100.0,55.051783586916926,1130.407702084494
NGA,2026Q2,ADM2,fixed,Ijebu East,268883.09723824565,19640.08740234375,7.304322065637886,0.10934391510346962,6.0,17.0,6.0,33.071957526806884,28.882297626208125,32.7235,1.517,46.071,30.36980883322347,33.0505255766018,26.60511080627965,77.14706244405028,69.70270346566402,132.91001872156377
NGA,2026Q2,ADM2,fixed,Ijebu North,301018.9740462798,34987.331634521484,11.622965544073113,0.3087686247542823,9.0,29.0,9.0,37.96725061019694,32.79146809605506,24.847,6.1656295550202405,51.624495562654495,8.372947985598694,13.868774686081597,25.518850868134336,80.45581793890847,64.37567822127527,280.2823206830893
NGA,2026Q2,ADM2,fixed,Ijebu Ode,347969.6292059429,151996.95434570312,43.681097885627544,5.003850670042587,29.0,327.0,38.0,21.743267603282145,39.975337145258216,20.251,4.453187100704784,149.82188655136463,33.643743944118825,19.378689198965912,26.0,76.71038850540427,38.02130260434195,1628.701464191218
NGA,2026Q2,ADM2,fixed,Ika North East,306062.7703346125,79050.39915370941,25.828165597300558,3.7197886596411975,48.0,296.0,73.0,13.684587242708794,19.281592582568514,13.5735,7.127289327055181,51.14915210432933,7.1765224838238595,13.117292638063727,43.0,66.96383154388245,17.137526839755164,641.8678121846934
NGA,2026Q2,ADM2,fixed,Ika South,205732.48164155625,78513.92388916016,38.16311515940077,4.010170502912041,45.0,276.0,65.0,9.503011818012263,26.72941550797239,11.15,3.1886896242810865,56.88824967030686,17.840635613173777,15.062842425970144,43.79081202619463,45.125445042005666,19.357781515676045,496.19751081655386
NGA,2026Q2,ADM2,fixed,Ikeduru,271734.14293718437,1901.185302734375,0.6996490327584134,0.41974895477552077,2.0,2.0,2.0,16.7785,16.7785,16.7785,16.468,17.089,1.0377094972067038,15.4535,25.0,100.0,0.0,1539.4374072131927
NGA,2026Q2,ADM2,fixed,Ikeja,559280.1714477539,558404.3742675781,99.84340635965894,87.59410923976631,97.0,3570.0,891.0,38.8478624475441,44.04261061697252,41.659,23.804832801981703,78.38424269753617,3.2927869458092074,25.308882597255522,23.0,97.18012484416025,84.70579908497484,13687.703067347504
NGA,2026Q2,ADM2,fixed,Ikenne,202807.21504938786,53989.344648361206,26.62101771636362,6.582491283785278,32.0,224.0,67.0,29.637975857179832,34.50740574150721,27.847,3.3431860367877,74.03828402217371,22.146025739361303,21.855200356725398,29.318732994094344,87.02194341828535,60.6977734062138,1132.0273351920862
NGA,2026Q2,ADM2,fixed,Ikere,311783.17865883716,101775.85118103027,32.64315015929598,2.2494489955503707,18.0,119.0,27.0,28.5464166099047,68.012178858866,28.995,6.868630283816616,197.75665768290625,28.79127999491348,11.919960775031164,35.47989366473054,76.27401734245383,60.05842733298348,1060.0298073274573
NGA,2026Q2,ADM2,fixed,Ikole,256878.80591526418,53245.179275512695,20.727743219530737,0.42616981903799095,12.0,67.0,21.0,69.32135050618861,121.93435984348658,85.6435,12.172896813317704,291.3632711018837,23.935409588218885,25.16927028255261,24.307830203827923,99.71313593209801,77.31847540003864,248.54893147735447
NGA,2026Q2,ADM2,fixed,Ikom,306771.5247645955,6096.07861328125,1.9871722507358345,0.019976046873906143,1.0,1.0,1.0,68.018,68.018,68.018,68.018,68.018,1.0,12.943,20.0,100.0,100.0,165.66558952051037
NGA,2026Q2,ADM2,fixed,Ikorodu,1275107.7609418184,821611.7988433838,64.43469516933423,28.229477701460734,316.0,4104.0,754.0,36.14370644673523,38.97349140907803,36.5165,11.380238854177088,56.29994954830772,4.9471676534840885,22.883002726449604,25.0,90.67560620884734,74.51788327603836,3087.287938812828
NGA,2026Q2,ADM2,fixed,Ikot Abasi,156161.97849343866,13546.303161621094,8.674520707478267,0.5326658766467729,4.0,12.0,5.0,240.9714677316087,236.18495376116365,229.85750000000002,204.67991207712552,249.062,1.2168365594477628,26.70199899922145,18.910407388064428,100.0,100.0,559.7141867106028
NGA,2026Q2,ADM2,fixed,Ikot Ekpene,436013.77257134026,78998.88562011719,18.11843812965597,2.7654594129081462,12.0,42.0,15.0,28.356675275009746,62.73576000996207,29.805999999999997,3.1925193016663775,275.63532938691174,86.33787405546467,13.950516452839688,30.222974550414193,82.51779260551928,60.937232675282296,2709.290688415975
NGA,2026Q2,ADM2,fixed,Ikpoba-Okha,586895.7353095129,214978.4663143158,36.62975438063832,5.947488151003445,130.0,1705.0,192.0,34.20557511676461,49.88375101895387,33.102500000000006,10.955139450689863,128.92592148959315,11.768533122732132,19.56897576454735,34.0,91.2586646808174,71.71635149398493,726.6751367061441
NGA,2026Q2,ADM2,fixed,Ikwerre,657443.1059175291,94627.89306640625,14.393320458405803,1.1121118324128438,20.0,69.0,25.0,15.893391926290615,23.304711817173207,19.727,2.9910851705733896,51.479223907817655,17.210885338296507,10.408179996185847,33.028696686718696,58.77502575743525,23.95280277454112,984.9972217665598
NGA,2026Q2,ADM2,fixed,Ikwo,354354.1703322321,2431.0443420410156,0.6860493104290941,0.4259501574473529,8.0,67.0,13.0,30.30999724513631,51.66505845677959,55.555,5.87582925286694,98.53060625926159,16.768800116372756,21.562989641697367,28.46808734728427,88.56533539011703,47.49313588553493,510.41758173536755
NGA,2026Q2,ADM2,fixed,Ikwuano,163877.92605439032,23449.546508789062,14.309155035929773,0.9991108844166398,7.0,178.0,13.0,37.738810930107086,47.118488526925624,47.771,19.91887423290799,98.56657532134382,4.948400907040313,28.292632728238228,38.56487397093732,100.0,68.69896897003746,631.2526428246128
NGA,2026Q2,ADM2,fixed,Ila,114138.59699813137,10057.906982421875,8.812012103658974,0.25827329859337256,2.0,4.0,3.0,13.718403119950885,13.718403119950885,17.633499999999998,8.669,26.598,3.068173953166455,8.300838185480966,55.48160244533201,28.16332823889165,28.16332823889165,402.0127939148118
NGA,2026Q2,ADM2,fixed,Ilaje,430590.01865300944,19627.465454101562,4.558272278465966,0.13631534371933127,5.0,15.0,6.0,124.03858170042862,126.71044523298559,125.892,77.96102164278373,182.42272328682745,2.3399221744769547,27.85197579457805,20.941657970060394,100.0,100.0,317.86729059781567
NGA,2026Q2,ADM2,fixed,Ile Oluji/Okeigbo,468186.85255902074,33008.19369506836,7.05021798767988,0.33195064234875027,8.0,46.0,13.0,27.379114653576487,86.0946071218345,42.0835,0.37608871562393903,248.16195632768589,659.8495142721313,9.780395399823476,53.32332684877649,80.0827677442196,39.72883863668902,527.658905212344
NGA,2026Q2,ADM2,fixed,Ilesha East,171832.71181085706,38932.631103515625,22.657287249455905,3.023175469821582,7.0,60.0,7.0,27.48715450537442,24.135133026898316,26.825,7.089508589343402,39.381289503154726,5.554868720005605,6.303216709663633,30.392521591055186,64.58522017504134,64.58522017504134,2020.1076775889924
NGA,2026Q2,ADM2,fixed,Ilesha West,352345.5540854335,109276.3489151001,31.013971269977706,9.52860478043998,26.0,220.0,31.0,25.13581321208868,40.17532186169531,12.7345,3.1070531257177736,100.74695808506894,32.42524476043356,8.830813241100252,36.67233536645699,71.63845093854052,52.47899498592642,3515.422425013226
NGA,2026Q2,ADM2,fixed,Illela,265561.05049401085,10194.9794921875,3.839034178100386,0.03443892083151977,1.0,2.0,2.0,54.629,54.62899999999999,54.629,54.629,54.629,1.0,15.571,26.0,100.0,100.0,259.2045321838661
NGA,2026Q2,ADM2,fixed,Ilorin East,268741.94651423045,125177.01538085938,46.578889899582904,2.1210266528342983,30.0,429.0,46.0,32.27559811376832,54.420559938864514,32.168,12.85329092309569,169.3715940253615,13.177294051675343,23.112010408123894,28.0,94.845018414538,64.26421244879734,519.4968778167128
NGA,2026Q2,ADM2,fixed,Ilorin South,598605.8780967325,314123.72480773926,52.47588376620953,11.02318076257092,86.0,1051.0,149.0,31.968072602031285,39.609120124256364,33.4595,7.435725372503904,72.37779894447773,9.73379130059308,20.261138880450602,25.0,89.08139305087855,72.10070524950105,2097.6669297403673
NGA,2026Q2,ADM2,fixed,Ilorin West,678514.8597099781,289019.4540710449,42.595891591023125,20.469943627101046,83.0,682.0,120.0,26.47364227900584,37.70297225415819,26.941,4.116888538980077,83.76963644249525,20.34780287329529,22.348576496508127,31.134858945909436,82.31118926385204,54.754874570922304,4574.074589949435
NGA,2026Q2,ADM2,fixed,Imeko Afon,138533.0913682759,501.03228759765625,0.3616697517170924,0.05805809237293576,3.0,4.0,3.0,75.099,75.099,71.231,75.099,75.099,1.0,41.992,20.0,100.0,100.0,72.91218731365652
NGA,2026Q2,ADM2,fixed,Ipokia,465733.49691572296,182.6973419189453,0.039227872405322266,0.06419091021815998,1.0,1.0,1.0,180.701,180.70099999999996,180.701,180.701,180.701,1.0,6.477,23.0,100.0,100.0,810.5244248783883
NGA,2026Q2,ADM2,fixed,Irele,223888.48972367446,19360.8193359375,8.647527775917748,0.11540401669769565,3.0,7.0,3.0,13.568947446689263,13.908371230627012,27.17,2.581,38.497085380667144,14.91556969417557,3.3787877286016523,96.67593739848488,38.4085751471629,38.4085751471629,233.2995615355835
NGA,2026Q2,ADM2,fixed,Irepo,136880.61009838636,4378.7353515625,3.1989449407152515,0.038154559196947054,1.0,1.0,1.0,1.371,1.371,1.371,1.371,1.371,1.0,0.349,46.0,0.0,0.0,143.23905630602115
NGA,2026Q2,ADM2,fixed,Irepodun (1),205034.06141795957,24911.040754318237,12.149708483575989,0.6303608754661677,13.0,65.0,15.0,4.542705396004869,6.151415638670329,4.613,0.4807716504677527,17.34235936837627,36.07192593719602,4.714994960919894,41.13353764245703,12.071608652230555,1.792479462979157,271.3281325794685
NGA,2026Q2,ADM2,fixed,Irepodun (2),85258.57189691562,7951.87841796875,9.326778810678652,0.4858829834897424,1.0,3.0,1.0,13.925,13.925,13.925,13.925,13.925,1.0,12.612,26.0,100.0,0.0,1128.940343907832
NGA,2026Q2,ADM2,fixed,Irepodun/Ifelodun,303283.410981336,39575.13632273674,13.048895814869407,2.38073212104807,22.0,78.0,31.0,14.293044360675015,38.00769764256049,16.5015,5.7454226744026755,112.18163707182887,19.525393244195367,21.071253603907213,29.0,81.74247773360031,33.82663396369201,893.753260908592
NGA,2026Q2,ADM2,fixed,Irewole,158152.33315659055,12763.267150878906,8.070236395590623,0.5150177695578065,4.0,16.0,4.0,17.658125807278797,24.12712035106182,18.8945,5.423,53.456,9.857274571270516,5.917296222908023,59.08888449489411,53.97952772689536,33.08547527633204,553.71200784243
NGA,2026Q2,ADM2,fixed,Iseyin,356066.9915165117,13318.233810424805,3.7403730555594636,0.07996088944263953,5.0,40.0,11.0,20.038041309451707,43.368465695217644,117.294,2.208,157.33966637622177,71.25890687328884,8.09712386707821,139.95561902129347,38.953189669716274,38.953189669716274,155.28265896569297
NGA,2026Q2,ADM2,fixed,Isi-Uzo,207706.48647515936,0.6438723802566528,0.00030999146496739604,0.044681034694509174,1.0,1.0,1.0,12.002,12.002,12.002,12.002,12.002,1.0,4.54,42.0,100.0,0.0,251.4932008359776
NGA,2026Q2,ADM2,fixed,Isiala Mbano,259718.29962062836,3649.5546875,1.4051973591506337,0.2834851150825061,1.0,2.0,1.0,7.03,7.03,7.03,7.03,7.03,1.0,9.896,42.0,0.0,0.0,1988.2424277572038
NGA,2026Q2,ADM2,fixed,Isiala-Ngwa North,279920.8683291388,2742.274658203125,0.9796606714504336,0.13482180025520055,1.0,1.0,1.0,16.223,16.223,16.223,16.223,16.223,1.0,14.414,41.0,100.0,0.0,1018.27110999776
NGA,2026Q2,ADM2,fixed,Isokan,130308.08449693423,4087.1246643066406,3.1365088974220927,0.27696425985144496,2.0,3.0,2.0,4.57617635047047,4.576176350470471,36.824,1.816,60.58897635047047,33.363973761272284,4.5025815713304675,27.60577920040127,3.9422079959873035,3.9422079959873035,490.598067528826
NGA,2026Q2,ADM2,fixed,Isoko North,271967.5827938241,74731.06909179688,27.477932599213396,1.7951476340967913,22.0,204.0,26.0,31.14252746415597,54.789530489242296,31.055,12.672208167564499,138.43309567391577,10.924149433422821,9.88885142379122,56.72070786760813,90.99696123701598,64.57176493549959,599.0909021555702
NGA,2026Q2,ADM2,fixed,Isoko South,284130.3852732937,23440.312561035156,8.249843654873045,0.6736994279853304,13.0,93.0,20.0,52.48822820067016,56.31796127776005,39.271,17.19708514315484,83.6197853914326,4.862439459673012,28.094889575022755,33.10668489474109,100.0,81.68185603747901,397.3773787649644
NGA,2026Q2,ADM2,fixed,Isuikwuato,215125.17879569865,5337.8525390625,2.4812774445764822,0.1974876535537112,2.0,5.0,2.0,79.32102155860606,79.32102155860608,73.7625,18.548,128.977,6.9536877291352175,15.361807314486875,25.899328590160085,100.0,55.03357049199583,574.0174633010914
NGA,2026Q2,ADM2,fixed,Itu,301175.73794067965,110567.17236328125,36.711845754673256,3.0389335882854405,16.0,178.0,30.0,32.04594678935582,44.954762488463736,34.9225,6.018639739858804,100.78079213778992,16.744778968969193,17.69904999829385,43.883286260363,83.32494452004826,51.6798314143216,1541.760017737346
NGA,2026Q2,ADM2,fixed,Iwo,286334.6456513706,63438.29885864258,22.155299689399957,1.9045532270215395,11.0,31.0,14.0,6.782104709936026,14.664121682297147,5.799,0.41091173568408934,44.64599859011256,108.6510671587063,4.699999983634867,71.21575858826364,18.633889807509675,10.620513578940908,1349.6889699385579
NGA,2026Q2,ADM2,fixed,Jahun,303209.0487701697,13873.173828125,4.575448484929869,0.02968770761670584,1.0,1.0,1.0,0.029,0.029,0.029,0.029,0.029,1.0,0.331,49.0,0.0,0.0,251.7560267525657
NGA,2026Q2,ADM2,fixed,Jalingo,344434.02454930596,55951.708740234375,16.24453589143742,1.3844174463595549,10.0,19.0,11.0,23.99957337436261,39.16934818306605,28.744,7.621563195696375,95.5952817092445,12.542739495124012,18.88331743733223,41.09895049371814,89.01660537091487,49.50684990765636,1306.5527863368459
NGA,2026Q2,ADM2,fixed,Jere,944372.5555932325,180693.52584838867,19.133712090445204,1.3997567096737447,31.0,226.0,45.0,31.442094076232703,49.20535887761012,47.179,8.06916287794287,110.24793556758706,13.662871506652913,18.241044820089588,54.0,89.89819042289506,62.79609352820127,1190.3205014864332
NGA,2026Q2,ADM2,fixed,Jos East,103515.27766747444,589.0886840820312,0.5690838080678104,0.03981863808432651,1.0,3.0,3.0,138.028,138.028,138.028,138.028,138.028,1.0,21.501,39.0,100.0,100.0,113.5856142907717
NGA,2026Q2,ADM2,fixed,Jos North,448727.6813217115,149677.15234375,33.355899039453334,7.300384704810722,52.0,492.0,96.0,38.647758035969616,66.08206096305096,37.5895,12.764022045825476,202.32902093435774,15.851509830361838,19.43824386644852,46.28031845292844,93.70831528846915,68.79571308950933,1736.3209842503766
NGA,2026Q2,ADM2,fixed,Jos South,530778.7878058787,166679.1770553589,31.402757774924183,5.523029033674998,85.0,455.0,129.0,38.34775189633257,84.59664699076399,37.562,10.854533244205253,235.4684705230084,21.693099576503155,21.549818707052875,37.0,93.53925606020833,64.5561692828516,950.1103699116669
NGA,2026Q2,ADM2,fixed,Kachia,326385.8658862607,3982.5318603515625,1.2201912756048694,0.023832610555320106,3.0,3.0,3.0,23.755827428090353,52.77085941623241,40.09,18.175,204.93474115392885,11.275639128139138,8.91220990521915,29.726710602762868,100.0,22.81744548435565,71.42185960579633
NGA,2026Q2,ADM2,fixed,Kaduna North,663287.4560852051,451836.33673095703,68.12074200795902,42.21441474162185,82.0,731.0,154.0,41.22287328778978,72.38159775266585,41.480000000000004,6.838416826797201,225.0783367965244,32.91380775657408,23.140882492295592,30.0,84.5978375092968,69.49507164522728,9448.290417996912
NGA,2026Q2,ADM2,fixed,Kaduna South,541008.716796875,166332.58056640625,30.744898446591357,15.65029426121045,20.0,236.0,34.0,25.237430750521913,44.50756802991577,24.677500000000002,5.423317354812989,105.9413821160264,19.53442426193397,19.10116438756259,44.270797934940994,82.34051163135999,48.25469387623787,11710.295969721756
NGA,2026Q2,ADM2,fixed,Kagarko,267480.9691891246,938.884521484375,0.3510098398142595,0.04630014590855512,3.0,3.0,3.0,16.893213384637853,22.923377446452125,19.16,12.925,48.108,3.7220889748549317,11.35,43.272025587531566,100.0,24.140174432498256,113.53574742953484
NGA,2026Q2,ADM2,fixed,Kaiama,357781.79969854606,6260.663177490234,1.749855130351863,0.032437283424254185,7.0,33.0,7.0,26.58365114951411,31.27215342645561,18.51,13.74552624769455,99.49576421505775,7.238410696116167,12.40758402153635,36.0,97.1158479221761,78.49005669336286,45.498638686019305
NGA,2026Q2,ADM2,fixed,Kalgo,113619.88929218755,2040.9576416015625,1.7963031422720264,0.05961438820129933,1.0,1.0,1.0,8.713,8.713,8.713,8.713,8.713,1.0,5.469,52.0,0.0,0.0,189.81458874947631
NGA,2026Q2,ADM2,fixed,Kano Municipal,256145.52172851562,175264.1240234375,68.42365341417018,43.21034753013957,18.0,111.0,30.0,22.638661854967037,33.58959189536149,22.8245,11.88507426145165,41.97875140665781,3.532056298782478,16.697131680538572,41.0,91.98665487738388,35.45085350066955,17185.272145672447
NGA,2026Q2,ADM2,fixed,Karu,1045432.1426435782,235658.5240020752,22.541733163681656,0.8753630467205673,58.0,790.0,87.0,21.125858141999913,35.396879889791684,23.923000000000002,6.626151301404659,59.62570607336636,8.998542798249487,19.162105929636375,57.35307284406762,79.33011803778919,45.05759027811884,432.50482169842695
NGA,2026Q2,ADM2,fixed,Katagum,378734.0519196857,11815.75358581543,3.119802279706573,0.10280988779522712,4.0,62.0,8.0,109.92043486805204,111.28061329904914,113.46549999999999,104.634,148.64611976661328,1.420629238742792,26.35015706938021,58.56310884284484,100.0,100.0,271.43104157171103
NGA,2026Q2,ADM2,fixed,Katsina,614733.1113784313,118469.94177246094,19.27176844383945,5.041315962702529,19.0,183.0,24.0,96.14675201082675,126.2381525950492,52.618,8.857697534040694,270.0277613429425,30.48509618952427,21.967213093477792,36.906270046774786,83.63248063817353,68.88819673431794,4594.051645607684
NGA,2026Q2,ADM2,fixed,Kazaure,314725.6586905757,26146.941009521484,8.307851707517752,0.5330472721441898,6.0,38.0,14.0,162.51359969515534,157.2201220820914,136.676,107.91256680884011,179.23105080192886,1.6608913688377431,34.743048821800095,28.79347959912855,100.0,100.0,785.3300507647652
NGA,2026Q2,ADM2,fixed,Keffi,238805.54994165985,54648.896484375,22.884265670427556,2.7688396068686028,16.0,125.0,27.0,29.619321078307216,83.1201569409442,30.5225,2.505802316903104,243.8315161819987,97.30676459879231,12.387199709287357,29.0,62.60091245361831,59.394514258606726,1132.0031616466224
NGA,2026Q2,ADM2,fixed,Kiyawa,258593.29292132324,665.7449340820312,0.25744864708636644,0.03559452262013864,1.0,2.0,1.0,206.69,206.69,206.69,206.69,206.69,1.0,24.428,58.0,100.0,100.0,256.8908183551571
NGA,2026Q2,ADM2,fixed,Kogi,153657.5446161301,0.0,0.0,0.024517256933716192,1.0,1.0,1.0,315.092,315.092,315.092,315.092,315.092,1.0,8.19,22.0,100.0,100.0,102.9766004357915
NGA,2026Q2,ADM2,fixed,Kokona,173866.7288571112,1695.89697265625,0.9754005172835502,0.058339143543619035,3.0,15.0,5.0,32.974421610650055,29.54179031606183,32.163,16.033,37.603,2.3453502151811887,16.542343408073307,27.0,100.0,70.15472164406454,92.6099101002365
NGA,2026Q2,ADM2,fixed,Kolokuma/Opokuma,125224.08485748745,8138.1005859375,6.498830153320065,0.10390460427910402,1.0,2.0,1.0,119.316,119.316,119.316,119.316,119.316,1.0,5.263,25.0,100.0,100.0,350.75924732437375
NGA,2026Q2,ADM2,fixed,Konduga,386083.4936912044,47186.983642578125,12.221963490705201,0.03365626020843426,5.0,28.0,7.0,8.816130524249678,22.05543467353745,12.804,0.411,118.54705870471898,288.43566594822136,17.215968534489587,75.7272981379207,59.3197796317965,10.892354887543025,72.56090436213098
NGA,2026Q2,ADM2,fixed,Kontagora,274018.6159304418,3396.5252685546875,1.239523547340622,0.03976987397127945,2.0,21.0,3.0,26.667301355126725,26.667301355126725,30.125999999999998,22.755,37.497,1.6478576137112724,16.248043074236993,39.6923058538506,100.0,26.538470730747026,150.60820856125702
NGA,2026Q2,ADM2,fixed,Kosofe,746922.29774189,719101.6180419922,96.27529131423633,74.76643170857919,124.0,3803.0,857.0,41.19959442393948,48.12378361633403,40.664500000000004,25.798216369839906,80.05676010234276,3.103189730431723,27.792024355368696,19.0,98.38815869777882,92.03771191890027,12205.108806061582
NGA,2026Q2,ADM2,fixed,Kuje,322688.3836373009,73074.36396408081,22.645489478237863,0.48345993876344256,25.0,151.0,29.0,19.574127327318532,45.77718302235261,24.748,0.24542168013925147,164.75715241293207,671.3227304101634,12.279306431110546,66.66599198911344,73.59830178425054,42.45133131905266,170.9559443485453
NGA,2026Q2,ADM2,fixed,Kukawa,220340.27350543317,2002.9408569335938,0.9090216804528951,0.014673323861954092,2.0,5.0,2.0,127.54928507127107,127.54928507127107,116.0795,95.476,136.683,1.4315953747538648,19.935464043822524,48.31970680441415,100.0,100.0,45.50971508091635
NGA,2026Q2,ADM2,fixed,Kumbotso,1146877.2023468018,237489.09533691406,20.707456286597303,7.668767037045093,40.0,213.0,52.0,30.654343612124922,48.62891663514388,30.820999999999998,7.593032087160216,149.30413994253695,19.66330949595348,27.62199626015985,49.0,82.82375458906228,53.619857070375076,6142.769485680422
NGA,2026Q2,ADM2,fixed,Kura,218886.41504669207,3007.33935546875,1.3739269085416905,0.17674640884164872,1.0,1.0,1.0,3.199,3.199,3.199,3.199,3.199,1.0,3.052,98.0,0.0,0.0,1080.032690586369
NGA,2026Q2,ADM2,fixed,Kwali,196570.76263268688,5679.121967315674,2.8890979977158198,0.11767221832922346,4.0,10.0,4.0,6.6446419310171745,10.321849269268348,18.6125,4.071,27.7695731128837,6.821314938070179,22.634084002813022,259.3285658079164,11.16158122093423,11.16158122093423,158.39752148316913
NGA,2026Q2,ADM2,fixed,Lafia,623681.6313772195,16067.963256835938,2.5763085600828926,0.10707125033734034,8.0,54.0,10.0,29.112387500392966,108.25459733266109,15.0235,7.583322823185073,294.323,38.81187796728682,25.312622022449286,41.40874467637224,74.85235274009847,60.105340964442,228.23059845161526
NGA,2026Q2,ADM2,fixed,Lagelu,725858.7201573849,419818.96643066406,57.83755912440323,9.504525603969876,102.0,2034.0,249.0,31.36701201989841,36.74340111918554,30.951500000000003,11.740862382817362,63.31854674960162,5.393006466225828,22.764535575599552,28.0,91.04170933855237,72.72442924602753,1839.7289777541507
NGA,2026Q2,ADM2,fixed,Lagos Island,56625.37744140625,56625.37744140625,100.0,95.07542044608535,13.0,590.0,105.0,41.61432385572107,53.20480162547665,41.502,23.301212494901765,103.40399537572321,4.43770878439685,26.586380349278638,24.978002533275248,100.0,87.97733319731161,11216.886093988205
NGA,2026Q2,ADM2,fixed,Lagos Mainland,293611.88467407227,288693.96572875977,98.32502728873808,85.96836980982918,47.0,2242.0,310.0,38.97506895453598,49.328823768513075,37.867,22.12286657123455,82.95533879633957,3.74975541841413,24.08323513673643,24.0,99.91711072326376,87.18088788805967,14548.895518819949
NGA,2026Q2,ADM2,fixed,Lapai,206062.8402672548,5713.505358695984,2.772700478788805,0.09666172073160427,8.0,22.0,14.0,11.972464875433662,18.647639532127204,11.7405,3.3808893414920935,52.489666107501584,15.525401989151243,7.254645191442187,25.673520688711754,52.606170310104325,17.68826097346051,68.23092296027805
NGA,2026Q2,ADM2,fixed,Logo,233953.03996519648,8046.747314453125,3.4394711501291804,0.044487968404593514,2.0,5.0,2.0,21.494343304324882,21.494343304324886,24.8005,7.22,42.381,5.86994459833795,18.422255393949364,102.40597091391953,40.597091391953825,40.597091391953825,141.59099023558105
NGA,2026Q2,ADM2,fixed,Lokoja,518428.3797094389,64253.8212890625,12.393962947220315,0.16118269862149415,14.0,218.0,18.0,40.39549106531703,60.439088691340906,28.294,4.103512929314752,171.75356680919154,41.85525177274701,13.699774686961371,37.32532914291487,71.6946816666257,62.36489681357564,162.66797856323188
NGA,2026Q2,ADM2,fixed,Mafa,136922.25133419578,4667.15087890625,3.4086138910430317,0.010559745326363593,1.0,3.0,1.0,16.803,16.803,16.803,16.803,16.803,1.0,1.637,320.0,100.0,0.0,40.39116299078418
NGA,2026Q2,ADM2,fixed,Magama,298629.6861966202,10.717065811157227,0.003588747638471891,0.00996385183709581,1.0,10.0,2.0,41.488,41.488,41.488,41.488,41.488,1.0,28.704,24.0,100.0,100.0,82.02039055106157
NGA,2026Q2,ADM2,fixed,Magumeri,310445.15372067003,196.10243225097656,0.06316814094235278,0.007822016143110712,1.0,1.0,1.0,411.731,411.731,411.731,411.731,411.731,1.0,42.7,136.0,100.0,100.0,68.12289883756387
NGA,2026Q2,ADM2,fixed,Mai'Adua,391237.71946561505,0.0,0.0,0.055999194341956396,1.0,1.0,1.0,0.782,0.7820000000000001,0.782,0.782,0.782,1.0,2.659,78.0,0.0,0.0,617.3942512991777
NGA,2026Q2,ADM2,fixed,Maiduguri,1590366.6178894043,707503.2543945312,44.48680237852752,22.07160374446859,65.0,403.0,105.0,46.09365541784589,81.77431854646419,46.077,10.460437888991907,207.79898449491415,19.865228081282567,20.535031140623033,44.0,91.04864405401506,75.31057681926904,15075.361801489898
NGA,2026Q2,ADM2,fixed,Maiyama,200219.59352319952,592.6744384765625,0.2960122074205935,0.028185925876554333,1.0,3.0,1.0,10.871,10.871,10.871,10.871,10.871,1.0,11.143,52.0,100.0,0.0,157.65762232134085
NGA,2026Q2,ADM2,fixed,Makurdi,716407.2499856548,185976.2643737793,25.959573186550422,2.1025295805277815,51.0,301.0,74.0,23.76302189984896,35.6402154107966,21.332,7.6255512077174625,75.27386137894987,9.87126823078294,16.334916745792558,35.88788484327909,81.2330252253701,46.29801595734186,804.3573301011129
NGA,2026Q2,ADM2,fixed,Mangu,488415.8397034344,1459.450927734375,0.29881318521949496,0.0224450746527173,1.0,1.0,1.0,178.924,178.924,178.924,178.924,178.924,1.0,45.741,34.0,100.0,100.0,301.50779546533477
NGA,2026Q2,ADM2,fixed,Matazu,191229.88230212292,6181.0595703125,3.2322665766990757,0.0658338881390874,1.0,1.0,1.0,2.689,2.6890000000000005,2.689,2.689,2.689,1.0,15.594,7.0,0.0,0.0,352.51281400784075
NGA,2026Q2,ADM2,fixed,Mbatoli,392631.79877853394,41871.07116699219,10.664207865295646,3.631889086836899,17.0,48.0,24.0,15.187023855861579,20.834722969427823,15.088,6.876714408671323,47.01077722896677,6.836226493525402,13.70967628688105,52.0,66.9404761317209,34.615871280951396,2264.4854829583824
NGA,2026Q2,ADM2,fixed,Michika,205694.86218820716,1664.5162353515625,0.8092162427608715,0.0439344198001146,1.0,3.0,1.0,126.302,126.302,126.302,126.302,126.302,1.0,23.396,40.0,100.0,100.0,250.1596846786528
NGA,2026Q2,ADM2,fixed,Mokwa,220202.48540078427,2624.741455078125,1.1919672252113358,0.04688607392513604,5.0,29.0,6.0,22.586858199900924,63.305865275955846,30.303,2.501,188.002,75.17073170731707,13.078788812283769,24.041877025496646,53.234776146571726,53.234776146571726,56.65636973328013
NGA,2026Q2,ADM2,fixed,Monguno,189143.38098207786,19127.59716796875,10.112749951202982,0.04644128772727576,3.0,5.0,4.0,74.30816670673113,75.23969225756694,63.379,15.689977851449665,145.8309979066433,9.294531788849486,12.7966808080499,40.80081984564553,94.01864953030913,94.01864953030913,82.26066210157843
NGA,2026Q2,ADM2,fixed,Moro,234445.4166332168,15009.582901000977,6.402165210370925,0.18830378287911387,16.0,568.0,76.0,24.466811894935987,30.037131496316558,41.828,0.483,67.88078208207597,140.53992149498131,8.20434952685708,30.622172728878823,68.36535984790194,50.70622926876168,75.52999918520469
NGA,2026Q2,ADM2,fixed,Mubi North,186306.93125030672,4224.15625,2.2673103043733622,0.043822406929614914,1.0,1.0,1.0,195.606,195.606,195.606,195.606,195.606,1.0,17.832,38.0,100.0,100.0,225.51658274708146
NGA,2026Q2,ADM2,fixed,Municipal Area Council,3086066.457693191,2300074.3280067444,74.53093961320687,21.774225803841386,881.0,17937.0,3166.0,34.63464612404153,40.81805559404626,35.556,13.834419549225366,69.2034784147089,5.002268303955248,21.761349711943417,31.0,93.07948791999782,72.09429882558584,2091.282366266232
NGA,2026Q2,ADM2,fixed,Mushin,350799.162109375,350799.162109375,100.0,99.82898744819347,46.0,1978.0,367.0,37.85956681331863,40.980453282672244,38.4335,22.081223630183196,70.15793120526493,3.1772664586107844,21.31159983150666,24.383408655845,94.37901151928347,86.66062286842963,20626.543604816838
NGA,2026Q2,ADM2,fixed,Nasarawa,362660.41179579846,7356.22705078125,2.028406413138715,0.014044255387077273,2.0,28.0,2.0,19.652913155726843,19.652913155726846,19.332,16.536,22.128,1.3381712626995645,25.730380388824756,86.42479675322903,100.0,0.0,69.64517630465575
NGA,2026Q2,ADM2,fixed,Nassarawa,855352.2026367188,533514.2104492188,62.37362910910869,47.73250325365791,65.0,1015.0,201.0,37.40808270926901,52.78461020339109,54.75,14.94190138071449,100.47908910076633,6.724652140353079,24.18330422639761,40.0,95.25694469426739,76.48314256830676,17557.303802577288
NGA,2026Q2,ADM2,fixed,Ndokwa East,123085.89288198666,435.52117919921875,0.3538351707102547,0.046353193154364404,2.0,48.0,5.0,40.75155785364439,40.75155785364439,40.4725,23.438,57.507,2.4535796569673183,14.833062497941652,24.475427116706296,100.0,50.81909610979011,77.05293904858958
NGA,2026Q2,ADM2,fixed,Ndokwa West,212808.22134873705,15125.444953918457,7.107547282739517,0.32048200393430587,7.0,21.0,7.0,45.348954258226456,30.742793004281136,46.683,4.927222069194234,52.915417031349904,10.739401692930668,14.101824088193686,38.70188308833817,64.55084835334875,49.750705883729616,263.1801869326435
NGA,2026Q2,ADM2,fixed,Nembe,71818.36246037856,1283.72021484375,1.7874540310661706,0.13327885834876876,3.0,17.0,5.0,63.028,63.47805278048153,63.028,26.770994583852612,103.07033812966867,3.8500750432274686,28.325,19.476505101136798,100.0,89.35542146448596,85.83930177485456
NGA,2026Q2,ADM2,fixed,Ngor-Okpala,230005.14525435105,1111.8057861328125,0.4833830064554959,0.07084124063590079,1.0,1.0,1.0,24.244,24.244,24.244,24.244,24.244,1.0,18.848,41.0,100.0,0.0,439.69812971391485
NGA,2026Q2,ADM2,fixed,Nguru,192979.452561191,8517.65771484375,4.413764057156771,0.09827174047319033,2.0,2.0,2.0,338.75155516661937,338.7515551666193,336.9185,313.337,360.5,1.1505184513798243,18.55100757577191,47.388663818378674,100.0,100.0,266.81214374081907
NGA,2026Q2,ADM2,fixed,Ningi,678007.0354815425,335.9405517578125,0.049548239793591034,0.007291420723255528,1.0,1.0,1.0,43.403,43.403,43.403,43.403,43.403,1.0,20.652,35.0,100.0,100.0,137.16654252229128
NGA,2026Q2,ADM2,fixed,Njikoka,184601.0407753058,24305.442779541016,13.166471151766318,8.01938230259201,12.0,27.0,13.0,19.013909565341663,18.6101287595394,12.5395,5.545374698426376,31.624844053042963,5.702922845234826,18.138222792613476,48.65150821491961,63.322957374196335,32.79534960107874,3337.9996430263845
NGA,2026Q2,ADM2,fixed,Nkanu East,236878.67266177418,423.2359924316406,0.1786720550549334,0.04546579962028053,1.0,6.0,1.0,13.966,13.966,13.966,13.966,13.966,1.0,11.608,41.0,100.0,0.0,291.73186982054966
NGA,2026Q2,ADM2,fixed,Nkanu West,193340.86322868327,24461.53155517578,12.652023553987508,3.021142055058652,19.0,143.0,24.0,47.85005816437821,67.49230399264097,30.957,6.123018094537845,156.11103578820342,25.495765875241368,18.025444213776606,35.249815864833955,83.82393464958294,63.92199800681042,832.2419177823648
NGA,2026Q2,ADM2,fixed,Nkwerre,91507.75501900911,5716.27001953125,6.246760199005862,0.780118212267976,1.0,2.0,1.0,48.232,48.232000000000006,48.232,48.232,48.232,1.0,27.429,44.0,100.0,100.0,1928.539932965868
NGA,2026Q2,ADM2,fixed,Nnewi North,405044.3541870117,42325.053466796875,10.449486094368597,4.328366555492209,8.0,89.0,13.0,32.49943384091088,31.85037458447188,28.1405,18.220032903045883,46.95104960033284,2.5768915923573292,16.464916684001455,33.90743432394035,100.0,61.429313287267206,5925.673132286734
NGA,2026Q2,ADM2,fixed,Nnewi South,499540.1834721565,13936.3212890625,2.789829877587673,0.8186949058142392,4.0,12.0,6.0,49.11492724039984,64.67704590040265,73.878,43.923,103.043,2.345991849372766,14.77658077033985,37.488563257950304,100.0,100.0,2764.4280729595403
NGA,2026Q2,ADM2,fixed,Nsit Atai,93151.5723904968,574.2919921875,0.6165134709482247,0.24869421845771228,1.0,1.0,1.0,50.065,50.065,50.065,50.065,50.065,1.0,17.633,32.0,100.0,100.0,624.0449605744499
NGA,2026Q2,ADM2,fixed,Nsit Ibom,190727.8052209021,11282.782836914062,5.915646553918174,1.7962308079771607,7.0,9.0,7.0,36.21215327325636,96.05152618957925,19.393,11.70430714654532,300.73421105050284,25.69431981621129,26.643727174390346,31.0,94.82128507984018,57.89155228005296,1318.723871259271
NGA,2026Q2,ADM2,fixed,Nsit Ubium,157347.93350005161,1170.2912292480469,0.7437601519232301,0.36186504054571006,2.0,7.0,2.0,21.59016455815298,21.590164558152985,39.447,1.661,77.233,46.49789283564118,7.379076952672209,23.483086295037854,26.371095853163844,26.371095853163844,766.6632702141678
NGA,2026Q2,ADM2,fixed,Nsukka,453769.11024709546,72587.50158691406,15.99657181322617,1.3893275828387217,22.0,308.0,65.0,46.53507992687351,68.24222712867788,58.726,12.984187246321873,176.62642400209023,13.603194458869538,21.483173198424275,26.48395194097035,94.22661780734029,72.37822354021309,777.4398578315016
NGA,2026Q2,ADM2,fixed,Obafemi Owode,666127.7782368937,367315.0001049042,55.1418229513132,5.833586542279142,255.0,2848.0,486.0,31.365039844539616,36.759143834244625,30.301,8.3295180064984,54.476877747943846,6.540219698840063,19.082278177837765,26.0,86.8127328576096,60.163552954892886,413.4616061593931
NGA,2026Q2,ADM2,fixed,Obanliku,180179.51273057444,1423.1124267578125,0.7898303226548389,0.03673438422698027,1.0,1.0,1.0,69.786,69.786,69.786,69.786,69.786,1.0,29.135,47.0,100.0,100.0,179.38995896136194
NGA,2026Q2,ADM2,fixed,Obi Nwga,361866.4890402043,38660.404357910156,10.683609985674822,1.4056517685046004,14.0,96.0,18.0,17.943201567597967,34.8424585010902,18.066499999999998,4.426934620260532,94.56903715885986,21.36219422036423,15.509641637352397,42.16860539157367,61.08596042640855,18.185928837392225,979.4672586410037
NGA,2026Q2,ADM2,fixed,Obio/Akpor,2816155.12569046,2344527.782913208,83.25279248735919,50.37098625717435,357.0,6055.0,1067.0,38.77334659476259,45.053777405644205,38.798,9.42979605471809,79.51039941167568,8.43182598545104,22.593995293223163,32.0,89.41337962117647,77.63499316282945,10703.141544958013
NGA,2026Q2,ADM2,fixed,Obokun,135955.57985338566,1305.2710571289062,0.9600717076390017,0.21581580053650584,3.0,15.0,4.0,4.435935829250885,17.17238973527512,6.988,3.843,58.386774729750464,15.193019705893954,1.1003108783196556,384.2526189392978,9.250022129417133,9.250022129417133,266.41377680960903
NGA,2026Q2,ADM2,fixed,Obudu,297827.98898748145,3026.76611328125,1.016279941845383,0.08321771452648691,1.0,3.0,1.0,31.261,31.261,31.261,31.261,31.261,1.0,19.562,37.0,100.0,100.0,671.904117894331
NGA,2026Q2,ADM2,fixed,Odeda,162636.37399940065,42520.91302585602,26.144774370100453,0.7528954638661218,27.0,273.0,47.0,28.275393248282896,39.555150668225984,28.27,9.404827005216413,95.59266037351173,10.164212517730629,16.04198972297815,39.5823182991191,92.0982804848843,54.76885886722192,123.22064611469463
NGA,2026Q2,ADM2,fixed,Odigbo,341954.4944670663,24788.047332763672,7.248931578277885,0.08159687348625545,4.0,8.0,5.0,10.934162025593649,11.07449922213873,15.083,3.656,19.56,5.350109409190371,8.918966407821738,144.39814453246885,65.48356126234216,0.0,189.17943198170144
NGA,2026Q2,ADM2,fixed,Odo Otin,140894.22138756732,385.1142578125,0.27333573656874116,0.14741640253799765,1.0,1.0,1.0,6.944,6.944,6.944,6.944,6.944,1.0,7.926,71.0,0.0,0.0,566.4959655134207
NGA,2026Q2,ADM2,fixed,Odogbolu,260234.9351926829,38263.09951019287,14.70329088669903,0.7156180799279672,10.0,282.0,13.0,29.75009482724639,38.16229641527161,34.897,7.609950676831165,57.75194094948052,7.589003319733581,28.592158991896355,28.0,87.62958290038276,79.45753224665435,505.14444583844266
NGA,2026Q2,ADM2,fixed,Odukpani,338212.9669176717,63852.82261657715,18.87947206711335,0.3123648205700724,11.0,171.0,13.0,11.622216112501576,18.963073696860242,11.847,5.896927020217163,50.78301710500472,8.61177642709483,16.846040321742173,36.26639855125335,60.35898664623354,21.04419895733092,258.8672012352522
NGA,2026Q2,ADM2,fixed,Offa,158610.31924772263,36394.323738098145,22.945747736158538,10.524324496143016,21.0,147.0,26.0,10.892718943644743,42.33353944636585,10.58,0.6452763605276329,199.88836738965495,309.7717189363782,7.904268555571909,40.4542359470657,63.56354731802802,15.043379854577157,2169.386958667631
NGA,2026Q2,ADM2,fixed,Ogba/Egbema/Ndoni,639543.4022085201,111518.88847351074,17.43726666374873,0.8310360989727785,20.0,94.0,24.0,75.40057634951934,75.24067578992064,35.0695,2.3009146424608904,154.09416718075352,66.9708316584685,16.200922670617445,28.595890121036117,78.50730786054564,59.12337733374393,716.9677705067529
NGA,2026Q2,ADM2,fixed,Ogbaru,230386.76159161254,37654.50744628906,16.344041292197197,0.3060771694710674,4.0,9.0,4.0,33.09597644447531,40.187243205110306,35.4765,17.374138705976517,110.17122823136765,6.341104448157187,21.271433445195196,27.833444961768812,100.0,49.1738359328383,476.85900860051254
NGA,2026Q2,ADM2,fixed,Ogbia,308341.71596673346,15166.688957214355,4.918792421473929,0.21418268597501053,4.0,33.0,4.0,17.32966016271835,21.47660736293302,26.8905,13.97583618682832,48.4783480740104,3.46872612314241,22.61629371437811,186.39591854313284,100.0,13.159288627420162,444.69691196579237
NGA,2026Q2,ADM2,fixed,Ogbomosho North,456998.0784173626,120281.98104858398,26.32001899551404,6.287330433979944,28.0,222.0,36.0,45.13906805953323,82.64677704736845,40.598,2.74315364035095,261.8849168255042,95.46855596174318,19.415354906495814,32.27925281589467,85.98725259284173,65.13231512430968,2800.7148664371625
NGA,2026Q2,ADM2,fixed,Ogbomosho South,109776.60742759705,19367.2548828125,17.642424316661575,1.6566238273189768,2.0,38.0,2.0,33.85158021228143,33.85158021228143,34.042,21.829,46.255,2.1189701772870952,15.332353090391123,31.616936740185807,100.0,49.22042173209462,2481.2586830751325
NGA,2026Q2,ADM2,fixed,Ogoja,352785.4025923647,12191.653076171875,3.45582696636092,0.12066768278979195,3.0,46.0,3.0,63.529027500021165,60.646712775560395,63.501,53.017,63.758,1.2025953939302487,20.484,31.890943579684166,100.0,100.0,384.6460084454878
NGA,2026Q2,ADM2,fixed,Ogu Bolo,78967.39119686157,17783.085861206055,22.519530646357243,1.815518932204731,9.0,33.0,15.0,36.894619287976546,33.2976837336581,29.905,5.000600239028638,59.853532161917514,11.969269547838122,13.880208734151958,28.0,77.460720831308,65.65791647883043,428.8810674338141
NGA,2026Q2,ADM2,fixed,Oguta,208499.86542127212,9287.283935546875,4.454335697906568,0.3908921335212669,5.0,34.0,5.0,39.81130542250699,60.27083395839185,30.743,21.867,140.698,6.434261672840353,49.79599904123998,38.28699379032589,100.0,62.75797190885412,440.3635755849457
NGA,2026Q2,ADM2,fixed,Ohafia,372571.6256208906,6697.732421875,1.7977033035495469,0.13621564262999025,2.0,4.0,2.0,69.81001986213268,69.81001986213268,96.697,68.559,114.83081986213267,1.674919702185456,21.43358536493082,39.777699221314116,100.0,100.0,685.3126534500997
NGA,2026Q2,ADM2,fixed,Ohaji/Egbema,209101.56898328374,4622.748059988022,2.2107667974301903,0.4731301735598082,12.0,86.0,17.0,26.70903035890462,40.545378250151764,31.1605,8.313770952018947,90.0470681558099,10.831073970584015,22.173064903452968,27.0,83.05856778606413,77.24763619811509,222.43258917901537
NGA,2026Q2,ADM2,fixed,Ohaozara,144496.9988294132,401.7294616699219,0.27801924256169913,0.12589950013260756,1.0,9.0,2.0,61.188,61.188,61.188,61.188,61.188,1.0,11.845,63.0,100.0,100.0,491.9500039804346
NGA,2026Q2,ADM2,fixed,Ohaukwu,499260.24616545445,9461.698364257812,1.8951435522711764,0.40930939318117054,8.0,129.0,11.0,42.379525345522474,67.87640447200909,46.2735,5.792658351683731,167.50518950101556,28.916808023440122,11.168250410475833,34.0,64.9238894065281,64.9238894065281,691.6768858503018
NGA,2026Q2,ADM2,fixed,Ojo,1060847.2292577038,652409.213218689,61.49888459200604,19.478765026977282,91.0,1084.0,187.0,25.47695776781988,26.37961824916779,26.832,4.983725395738195,47.929143383846096,9.617131679211788,18.390592754944272,30.797430327440814,80.09096340726258,52.048431680578,6151.106327118767
NGA,2026Q2,ADM2,fixed,Oke Ero,54206.91506026601,184.04212188720703,0.3395177934080794,0.16889258553002337,2.0,9.0,4.0,59.74811401866842,59.74811401866842,59.6205,59.14,60.101,1.0162495772742643,61.01249253334059,15.140898791511042,100.0,100.0,124.93048836114357
NGA,2026Q2,ADM2,fixed,Okigwe,201223.85562600207,4045.53076171875,2.0104627998172537,0.11300661218046268,1.0,51.0,1.0,12.687,12.687,12.687,12.687,12.687,1.0,4.829,148.0,100.0,0.0,614.4493159753561
NGA,2026Q2,ADM2,fixed,Okitipupa,314974.64764553844,2845.4982299804688,0.9034054808064089,0.09226444016051341,2.0,2.0,2.0,38.40675329169098,38.406753291690976,88.39850000000001,24.634,140.429953291691,5.700655731577941,16.445226363437328,22.46001484792906,100.0,10.799703041418798,393.6023960531137
NGA,2026Q2,ADM2,fixed,Okpe,213474.06212021984,68109.58556365967,31.905321371222673,2.898433051312338,34.0,716.0,68.0,23.05609030157312,28.623740883093014,28.0185,4.616590842959386,36.647982553790854,7.938321545146568,15.91836911167763,78.43247156382107,77.72613811743818,38.301014193174545,491.3664873661202
NGA,2026Q2,ADM2,fixed,Okrika,239639.2322277911,75383.51820373535,31.45708551264215,0.671925828414334,11.0,68.0,22.0,28.18143669666416,28.417056803361813,28.839,10.634921001262516,68.20520013023622,6.4133245674452395,28.586136898268343,70.70378564730922,88.97370263595569,59.469350739994674,394.1686669728964
NGA,2026Q2,ADM2,fixed,Olamaboro,224660.75883957616,103.03509521484375,0.04586252434427954,0.03259790135988238,1.0,1.0,1.0,142.544,142.544,142.544,142.544,142.544,1.0,19.401,22.0,100.0,100.0,199.01811272258348
NGA,2026Q2,ADM2,fixed,Olorunda,215075.02622333248,140777.6319885254,65.4551271993536,12.662471876398818,51.0,661.0,77.0,29.24430780910176,51.76763705939933,23.842,9.640835621759422,118.68469667651053,12.310623407854655,19.553348512070205,31.0,89.46960379270956,52.18563978145214,1455.0104260126857
NGA,2026Q2,ADM2,fixed,Olorunsogo,106041.64008750097,788.3130187988281,0.7433994967904555,0.044750704029396654,2.0,9.0,2.0,251.37324433708517,251.37324433708517,155.38,14.170044337085184,303.632,21.427738176185404,41.62172175257277,26.16874122508303,82.37502507119135,82.37502507119135,64.94371830790888
NGA,2026Q2,ADM2,fixed,Oluyole,848881.4365312459,444376.0418701172,52.34842261199105,6.286324462644688,113.0,1528.0,204.0,30.885537430902033,33.077523835603586,29.858,9.717659238570524,47.55594275740085,4.893765215459064,17.863136805755698,29.0,89.90561500986982,63.733270706490764,1283.7134246542462
NGA,2026Q2,ADM2,fixed,Omumma,115661.76216469,3167.9677734375,2.73899317643687,0.37906462695044313,2.0,23.0,2.0,9.616499999999998,9.6165,9.616499999999998,9.254,9.979,1.0783444996758158,4.8965,43.5,0.0,0.0,590.6830607512069
NGA,2026Q2,ADM2,fixed,Ona Ara,384754.4485074294,49328.211853027344,12.82069955120346,3.6897053525065484,32.0,148.0,40.0,30.7868121498119,40.48561509730992,32.704,8.88073129967121,85.12959629206763,9.585876817961982,23.574666618209513,42.97881468058932,78.519435224652,57.83596729702587,1206.0681729869268
NGA,2026Q2,ADM2,fixed,Ondo East,59472.245312290404,10163.94091796875,17.090225641553662,0.23147056825574477,2.0,3.0,2.0,111.11299022097452,111.11299022097452,86.776,11.676,161.876,13.863994518670777,34.55882914837074,36.22253308517459,100.0,66.20305607255294,186.95720628104382
NGA,2026Q2,ADM2,fixed,Ondo West,357356.5880193652,99958.28305053711,27.97157976142316,0.773001082901548,17.0,174.0,23.0,11.20670572096284,25.24044331858676,12.026,0.2778029065865042,81.62710006198479,293.8309791822397,7.056006419468525,40.27699276945801,51.72130198275931,29.18922589636384,441.23221657487755
NGA,2026Q2,ADM2,fixed,Onitsha North,316077.93765449524,251085.0,79.43768611729585,49.1162264695074,53.0,403.0,97.0,30.536409580319535,41.881032058272616,37.168,7.852102239764011,72.82622913401993,9.27474285360409,23.385427125329713,31.0,80.4786605509208,58.85463673185232,7924.7071751056565
NGA,2026Q2,ADM2,fixed,Onitsha South,78868.09231567383,55081.68408203125,69.84026424978535,35.38774094142148,8.0,44.0,23.0,27.119667554315317,36.131499515112864,25.134,2.0217371709328122,105.67943024329162,52.271596804312615,13.685531133884133,33.66330809062378,75.86111284788231,50.95143174538672,9437.905912210379
NGA,2026Q2,ADM2,fixed,Onuimo,63526.7812230587,1218.8035278320312,1.9185664760071848,0.8127219703085447,2.0,10.0,2.0,88.6800622436104,88.6800622436104,73.961,24.123,123.799,5.131990216805538,16.75658790441746,34.97925161239663,100.0,64.76690702236286,697.3553992487424
NGA,2026Q2,ADM2,fixed,Oredo,408914.3988914533,298157.3080749512,72.91435784194465,22.790511238272696,154.0,2268.0,345.0,44.9241841450964,51.52588074478575,45.3895,14.29050917969102,97.05177721900162,6.791344940803572,22.73707303758829,29.0,94.04584073643235,81.53205891652102,1637.9996112675765
NGA,2026Q2,ADM2,fixed,Orelope,129651.62790866615,5914.929504394531,4.562171412580595,0.10384897464506186,3.0,5.0,3.0,21.11910741269068,21.526205577389916,2.435,1.301429504791101,29.544,22.701191183415084,10.602776760258497,54.240717909555016,70.92944649121318,70.92944649121318,122.92367843171698
NGA,2026Q2,ADM2,fixed,Orhionmwon,221493.06873757014,910.2302832007408,0.41095203944246295,0.06205565588444203,4.0,11.0,4.0,34.011569382800815,34.726103072916324,57.094,31.867,52.46442539184443,1.6463559604557827,16.951567469664372,32.571861359600895,100.0,100.0,92.87378998194367
NGA,2026Q2,ADM2,fixed,Ori Ire,179381.1611705438,702.8381958007812,0.39181271389617606,0.03530091484664024,2.0,2.0,2.0,293.2060926581945,293.20609265819456,283.4075,182.727,384.088,2.1019772666327365,33.9706508744322,47.20316368629878,100.0,100.0,86.47441337368171
NGA,2026Q2,ADM2,fixed,Oriade,162128.8667499004,13122.998123168945,8.094177419627838,0.6775618548643613,8.0,22.0,8.0,22.801789790891718,25.314461804334563,21.8455,5.7516649318147595,48.72445897523675,8.471366039722216,1.5073524391935265,39.07228208863616,83.58442040787227,51.92645192854906,373.7224412508116
NGA,2026Q2,ADM2,fixed,Orlu,382853.02075123787,18249.4189453125,4.766690598262309,1.4253147490189237,5.0,32.0,6.0,46.25125733515627,56.2998850523015,61.96,28.235,109.81692588457727,3.889389972890996,17.942223383931914,68.56135015933266,100.0,100.0,2948.845434092928
NGA,2026Q2,ADM2,fixed,Oron,169110.83282932313,8871.2451171875,5.245817177271486,0.2534256202197511,1.0,1.0,1.0,282.505,282.505,282.505,282.505,282.505,1.0,16.102,35.0,100.0,100.0,1154.2068631696682
NGA,2026Q2,ADM2,fixed,Oru East,227680.1628711231,3371.481689453125,1.4807972934214435,0.33416469662062415,1.0,29.0,6.0,21.892,21.892,21.892,21.892,21.892,1.0,23.587,25.0,100.0,0.0,2055.280193333003
NGA,2026Q2,ADM2,fixed,Oru West,271372.81089040637,3389.5054931640625,1.2490217726833772,0.623793099152475,2.0,2.0,2.0,36.870152029850345,36.870152029850345,53.18,4.098,102.262,24.95412396290874,9.109323942331006,36.32608564832418,33.38510251197012,33.38510251197012,2286.0375648196937
NGA,2026Q2,ADM2,fixed,Oruk Anam,267357.019186739,2540.432373046875,0.9502022354881496,0.06903835130186718,1.0,1.0,1.0,29.198,29.197999999999997,29.198,29.198,29.198,1.0,8.629,38.0,100.0,100.0,497.15597286485354
NGA,2026Q2,ADM2,fixed,Orumba North,302698.7497498477,17863.59881591797,5.901444532123297,0.6920927913231564,6.0,16.0,9.0,49.63976992009153,70.16977845930488,49.213,17.582704569818198,156.76879519445254,8.916079694790294,21.552147938017647,60.04775200025938,100.0,75.61716004235561,944.2715779188412
NGA,2026Q2,ADM2,fixed,Oshimili North,286573.0378221745,162171.12196350098,56.58980453846188,7.549886679416858,104.0,1199.0,263.0,36.524051006543154,44.613196686673014,37.1085,14.720856774018978,79.87656752898175,5.426081426860758,22.469118320132537,29.0,94.61600845077037,73.89799620788901,562.9587886039346
NGA,2026Q2,ADM2,fixed,Oshimili South,303999.8662717501,171746.79731750488,56.49568186453668,7.084376648571871,50.0,694.0,118.0,39.73228888602605,43.51091043786562,32.0865,16.584309277981717,88.90561965193284,5.360827403886459,22.563872819057963,26.0,93.85947049409934,65.0855575607454,1165.4844995995982
NGA,2026Q2,ADM2,fixed,Oshodi/Isolo,783945.8702697754,780241.1185302734,99.52742250708879,86.05472306792717,126.0,3240.0,604.0,42.15738842130837,47.961726388577745,42.307500000000005,23.40028216887058,73.31970704749051,3.1332830313058273,25.565163975216354,20.048457062882154,95.0923162592162,88.95203913399666,14506.629842317976
NGA,2026Q2,ADM2,fixed,Osisioma Ngwa,402970.5716342926,94155.02624511719,23.365236290893616,5.106068245016815,25.0,203.0,36.0,20.305850352064247,38.60880852119917,20.862,5.486679421031854,129.74066620831547,23.64648200712914,17.060031490099288,43.0,78.28689697828912,43.98797002086348,2218.8955269622243
NGA,2026Q2,ADM2,fixed,Osogbo,520317.5679154396,336152.1834259033,64.60519577930795,35.47553749513597,90.0,1551.0,151.0,23.958799212205992,44.67391488245431,23.9565,3.583536920922769,112.96926854398286,31.524516430792907,13.734465624146805,32.82466521424581,73.64200807850003,45.88339715167502,5586.741008891129
NGA,2026Q2,ADM2,fixed,Oturkpo,289138.95141612046,5321.289123535156,1.8403916516515653,0.07978501551103874,3.0,3.0,3.0,12.469066845741132,12.896997065877947,58.366,3.056,60.92815711318009,19.93722418625003,6.410389291485384,208.2808600043908,15.879364150768902,15.879364150768902,209.00418653914542
NGA,2026Q2,ADM2,fixed,Ovia North-East,228254.01183565066,87470.76445770264,38.321676694420624,1.3025727047964095,82.0,1433.0,124.0,31.412332116552047,40.68295350411994,34.1065,6.181713749144265,78.81106496278511,12.749064120559598,15.829880678083025,31.12218743248664,83.06998276198775,59.01060573920549,98.19878480464438
NGA,2026Q2,ADM2,fixed,Ovia South-West,326528.31541418965,3931.3944396972656,1.2039980161323622,0.06678005774340841,5.0,7.0,6.0,50.52962881762154,118.05733904715517,51.63,22.454301659952204,301.346,13.420412915243674,23.819481833744614,22.066364746164655,100.0,89.03043349871953,118.1519931761966
NGA,2026Q2,ADM2,fixed,Owan East,187265.35378912496,1154.3519287109375,0.616425785845483,0.02972298195104725,1.0,1.0,1.0,11.376,11.376,11.376,11.376,11.376,1.0,3.756,26.0,100.0,0.0,151.12709781423283
NGA,2026Q2,ADM2,fixed,Owerri Municipal,370720.9531555176,267574.0393371582,72.17667009636511,44.53688010538425,75.0,760.0,145.0,28.70266708969698,38.76368900758848,25.448,6.477223755150968,90.93066770692676,14.038525013840191,20.062937939619847,36.200151938423105,83.7807950322856,54.673661497084716,5941.485105546219
NGA,2026Q2,ADM2,fixed,Owerri North,444981.05965657905,210298.1245727539,47.26001702972587,11.45995977669347,57.0,352.0,81.0,22.84754607131945,28.925291444738953,20.368,5.521022760235806,64.21492063814297,11.630982777437476,18.65165415660012,45.0,74.77750753131903,43.37081490598491,2414.6495306905745
NGA,2026Q2,ADM2,fixed,Owerri West,337297.69716859533,122184.76976013184,36.22460834621673,6.3314774178730335,49.0,356.0,73.0,23.035317707571217,48.43729950482697,27.054,4.945285967170069,143.2189902391911,28.960709489798813,14.31198416673562,41.49061224931193,81.06733028739025,45.00489652680735,1176.1309520323373
NGA,2026Q2,ADM2,fixed,Owo,386634.1374156884,78638.60345649719,20.339280949718404,1.2935263678395006,36.0,571.0,51.0,21.268849089045407,51.41073641904071,22.872,7.653193110157471,157.7346300554315,20.610303148640394,10.849090752737032,35.41486911183841,83.94413328539991,39.064504442442285,377.4477995149914
NGA,2026Q2,ADM2,fixed,Oye,233778.4738508102,39410.334564208984,16.85798265128524,0.9502216951266652,15.0,62.0,23.0,16.071619310834144,27.107903877245757,18.728,1.8156571414041687,72.64829276299034,40.01212073927491,8.132639416361284,41.93915910649728,62.172368725775144,35.392679295345545,403.46835717143546
NGA,2026Q2,ADM2,fixed,Oyi,315977.3113423586,53272.19337463379,16.859499547077874,6.918187554516618,28.0,851.0,59.0,28.725126429756294,47.68610285084821,33.333,2.9363862737817588,84.19929514079595,28.674461494589423,15.531394223337353,36.12978453236283,74.49946575278335,56.34292853400616,2112.701237100328
NGA,2026Q2,ADM2,fixed,Oyigbo,555907.8135492401,128341.33172607422,23.086801192209947,2.3954322623915685,18.0,212.0,20.0,34.73653076318176,33.56851344305063,25.7465,5.66656212951907,84.70091965889705,14.947496863691098,18.687885880773187,32.10829900757795,74.0304977916127,58.89266093506287,1992.7743070177214
NGA,2026Q2,ADM2,fixed,Oyo East,175207.127830809,19039.51708984375,10.866862167976123,1.0140816876335683,3.0,3.0,3.0,14.311921001443675,63.749815434623265,18.384,0.753,242.202,321.64940239043824,11.859746296570181,27.543071633222834,58.82157973710671,23.512846469530594,1613.821405650665
NGA,2026Q2,ADM2,fixed,Oyo West,394646.6179458394,41310.98046875,10.467840997542627,0.7993489520727639,11.0,58.0,13.0,48.64722414020893,49.7437309159342,47.945,1.9602429792260707,123.11386216562528,62.805409059152566,20.53640996946437,27.237857236858297,68.33043677098183,61.91378416575648,781.5123786924053
NGA,2026Q2,ADM2,fixed,Oyun,90068.96427584154,8819.229732513428,9.791641109032867,0.9061431627127279,12.0,80.0,13.0,20.552646797486815,89.34225602466832,11.192499999999999,9.273349522055083,280.04362040151517,30.19875609513899,12.006458231996046,25.912492503165254,70.68356866899599,36.16969883610351,185.62259343117157
NGA,2026Q2,ADM2,fixed,Pankshin,334124.52445380617,3286.11572265625,0.9835003066680209,0.026684735727241084,1.0,1.0,1.0,15.975,15.975,15.975,15.975,15.975,1.0,16.862,27.0,100.0,0.0,244.89748633273067
NGA,2026Q2,ADM2,fixed,Port-Harcourt,902225.0670716763,667221.0948791504,73.95284383360452,48.29974076378301,94.0,1164.0,288.0,31.7507862028564,44.411404229016114,33.2485,10.234103479887983,95.50184348587709,9.331725409417338,21.6065279279305,32.30800643785463,90.11777540473351,65.9284445611671,12485.063555365448
NGA,2026Q2,ADM2,fixed,Rafi,337444.9537575886,284.8394775390625,0.08441064960884956,0.00945053096091708,1.0,8.0,1.0,173.193,173.193,173.193,173.193,173.193,1.0,36.811,26.0,100.0,100.0,87.88321585088278
NGA,2026Q2,ADM2,fixed,Remo North,96536.26549548413,28982.44927406311,30.02234354654923,1.8140701199771512,10.0,59.0,11.0,42.5965495351477,39.61464765258305,33.7635,9.51,76.724,8.067718191377498,26.011128290394417,26.01370304060866,70.94752333954582,65.97634770740724,475.3507099267296
NGA,2026Q2,ADM2,fixed,Rijau,352198.70225788245,8083.47314453125,2.295145635889502,0.02394761408584952,2.0,6.0,2.0,94.76644631102245,94.76644631102245,108.06,63.256,152.864,2.416592892373846,17.416088377719948,42.923067676483285,100.0,100.0,117.17572517687547
NGA,2026Q2,ADM2,fixed,Sabon Gari,466005.3937048912,76944.04529571533,16.511406592096645,3.39245842066236,18.0,88.0,24.0,24.357395279147088,32.54870057454258,32.507,4.011533826467829,81.2392980934334,20.25143040236181,20.672045547917342,48.0,83.94311559943681,51.32368807151764,2439.7856090646283
NGA,2026Q2,ADM2,fixed,Sagbama,186270.8414641843,13883.155044555664,7.453208959291184,0.27297964521601065,7.0,18.0,9.0,34.504058069632066,67.51162959774875,30.093,26.731390166310973,205.10519056987883,7.67282170114627,22.135593591087275,74.97833385897924,100.0,95.63416079233387,195.7998688554702
NGA,2026Q2,ADM2,fixed,Sapele,393609.5616322043,191713.34968566895,48.70647676613336,3.1038432496975603,48.0,1019.0,83.0,29.403805058850423,41.74494671927817,27.174500000000002,3.552523031490182,92.43633388396229,26.019911219319496,20.147224125394466,35.929697571376686,81.50971917492237,66.29837360470901,687.8820410101042
NGA,2026Q2,ADM2,fixed,Sardauna,316946.7178049595,335.5903625488281,0.10588226465097562,0.007760772830950274,1.0,1.0,1.0,32.14,32.14,32.14,32.14,32.14,1.0,28.347,51.0,100.0,100.0,66.73001732717914
NGA,2026Q2,ADM2,fixed,Shagamu,604045.7481726113,180890.43739700317,29.946479706916527,6.5916498452854455,98.0,592.0,139.0,31.30041316363265,36.589882833255785,31.9595,3.9870926798615134,64.90228164537503,16.278097063855892,21.99390761961362,27.49146071556244,81.82987019261658,67.37700485191836,1101.9435411581298
NGA,2026Q2,ADM2,fixed,Shagari,211192.24797669263,1483.5274658203125,0.7024535606932106,0.0260097493440499,1.0,13.0,1.0,13.366,13.366,13.366,13.366,13.366,1.0,12.087,223.0,100.0,0.0,154.09398010219095
NGA,2026Q2,ADM2,fixed,Shinkafi,172296.99567415446,8709.185546875,5.054751832902347,0.03849745094961881,1.0,6.0,1.0,268.618,268.618,268.618,268.618,268.618,1.0,40.811,42.0,100.0,100.0,186.9417086656393
NGA,2026Q2,ADM2,fixed,Shira,377667.1076138231,519.2561645507812,0.13749043908842007,0.027557632471739424,1.0,6.0,1.0,420.332,420.332,420.332,420.332,420.332,1.0,40.269,35.0,100.0,100.0,289.75136796739406
NGA,2026Q2,ADM2,fixed,Shiroro,381309.5359440901,3299.5874551534653,0.865330432134084,0.04691153568813891,6.0,54.0,8.0,31.818156190079094,136.8838474984977,30.091,12.72,306.604,24.104088050314463,36.515359903687866,32.61293916248198,100.0,45.84663659517665,82.19307092259731
NGA,2026Q2,ADM2,fixed,Shomolu,230648.6181640625,230648.6181640625,100.0,96.78157621248019,27.0,1347.0,251.0,40.40167153697167,43.98919433958244,39.687,29.7413258624639,68.13480811948234,2.290913607367932,24.5901232950472,24.0,100.0,93.37577305803448,22400.57302029298
NGA,2026Q2,ADM2,fixed,Silame,93228.47015141226,51.96158981323242,0.055735752961345024,0.04811950506684248,1.0,1.0,1.0,17.354,17.354,17.354,17.354,17.354,1.0,14.795,41.0,100.0,0.0,126.29842856491761
NGA,2026Q2,ADM2,fixed,Sokoto North,259605.23152446747,53068.0029296875,20.441807978236334,5.5217352522718315,3.0,11.0,4.0,34.90902712468218,56.20276384516218,39.617,10.447,139.563,13.35914616636355,14.002245303288479,117.14976910991906,100.0,60.20357871087243,13466.60190982349
NGA,2026Q2,ADM2,fixed,Sokoto South,487757.46240234375,197435.11474609375,40.47813308148477,16.588373509174104,15.0,92.0,20.0,15.562778955116407,16.062089149149525,17.25,2.4877522573338795,29.805645265117782,11.980953962457841,11.437267845156752,53.62636232001088,67.649193322993,12.686107117293034,15198.657139067742
NGA,2026Q2,ADM2,fixed,Southern Ijaw,223176.3106204911,63786.421630859375,28.581179361517226,0.1652488782072246,12.0,64.0,22.0,44.717820903764334,57.698717994268776,37.7325,30.217165706762266,121.5437951187261,4.0223426743007185,24.898820436923707,97.5919922942564,100.0,95.68620153720924,82.80647674700698
NGA,2026Q2,ADM2,fixed,Suleja,236104.30993509706,32579.06494140625,13.798589678588222,2.2480716002741863,7.0,206.0,8.0,36.338185758090525,36.814235249466854,36.446,18.553590170027228,46.67221889413944,2.5155357246996335,27.358399929933046,38.04698091484758,100.0,92.36572727673662,2080.775084609765
NGA,2026Q2,ADM2,fixed,Surulere (2),389835.42626953125,370629.71435546875,95.0733795289339,86.69253336913644,47.0,2896.0,447.0,39.073795580053996,45.160197231359845,37.84,22.35451679086498,74.31210136355071,3.3242544251244044,24.77388225012726,22.0,100.0,86.95562447448789,19479.251332099364
NGA,2026Q2,ADM2,fixed,Tafa,371819.0438969135,70010.89855957031,18.82929336426909,2.838671035864982,18.0,127.0,31.0,32.17901353522618,45.75315241021688,30.360500000000002,5.1065340289657195,123.28562672590718,24.14272107589921,18.620200428611344,36.0,85.65148630604457,71.50327952632442,1608.985543370966
NGA,2026Q2,ADM2,fixed,Tai,138985.82928471285,2268.458984375,1.632151274737553,0.2267953043772041,1.0,9.0,1.0,47.123,47.123,47.123,47.123,47.123,1.0,16.466,35.0,100.0,100.0,848.8106427294272
NGA,2026Q2,ADM2,fixed,Takum,278272.8990694856,719.4209594726562,0.25853073076045924,0.023772432368380902,2.0,10.0,2.0,16.42146064513655,16.42146064513655,24.6745,15.5,31.10066064513655,2.0064942351701,11.941278484936744,90.7445356080215,100.0,5.021857567914056,89.81795474318216
NGA,2026Q2,ADM2,fixed,Talata Mafara,354375.1583843212,2212.653076171875,0.6243815413754946,0.023177831937857798,1.0,9.0,1.0,21.08,21.08,21.08,21.08,21.08,1.0,21.927,64.0,100.0,0.0,230.55701192634643
NGA,2026Q2,ADM2,fixed,Tambuwal,330335.57816158165,10107.1298828125,3.0596552569546893,0.01934164618317989,1.0,1.0,1.0,55.869,55.869,55.869,55.869,55.869,1.0,28.987,23.0,100.0,100.0,179.13035614176312
NGA,2026Q2,ADM2,fixed,Tarauni,385425.78125,249962.6123046875,64.85363057292564,54.08444415817839,35.0,383.0,89.0,38.927805281708046,67.46362251720879,40.377,13.736149432491654,208.90145912320247,15.208152775992989,20.328719816115665,39.38872849679316,97.89372046670857,75.92694893554678,16643.279913024067
NGA,2026Q2,ADM2,fixed,Tarka,159892.07047224045,5198.18505859375,3.251058694306063,0.2257845446271611,3.0,6.0,3.0,27.86364351896959,30.50315578781722,25.387,23.530061924130845,63.797874703897,2.7113347559221763,7.615862144171388,42.96824410816365,100.0,92.87856981896195,327.6372348791764
NGA,2026Q2,ADM2,fixed,Tofa,173699.87432479858,4436.790283203125,2.5542852580922673,0.5144688682931664,3.0,9.0,4.0,18.780223416346466,23.486373066447744,45.746,8.882,78.31734463889202,8.817534861392932,22.9760293675129,48.575728325296254,23.705783049698805,23.705783049698805,832.64741448856
NGA,2026Q2,ADM2,fixed,Toro,540607.9114013942,4031.0822315216064,0.745657277022086,0.08084171269426248,15.0,38.0,16.0,5.872596769431212,6.4562700316318455,7.079,2.8118093207205,8.129344023043748,2.891143422542137,3.7143317972970373,43.22701229367848,0.6613277794795808,0.6613277794795808,80.6285708121373
NGA,2026Q2,ADM2,fixed,Udenu,352361.0442505941,2903.707275390625,0.8240715943972371,0.12138959626194343,1.0,23.0,1.0,34.163,34.163,34.163,34.163,34.163,1.0,26.113,39.0,100.0,100.0,1160.4573504031807
NGA,2026Q2,ADM2,fixed,Udi,364355.7994571017,7489.957275390625,2.0556712110938893,0.22407295785727238,4.0,16.0,4.0,4.221941778576212,12.577584029640661,11.333499999999999,0.143,44.357,310.1888111888112,5.87584150500604,57.13092854668513,28.883733599710105,21.657861468661718,552.8051416630242
NGA,2026Q2,ADM2,fixed,Udu,427370.7247071266,225060.70541381836,52.6617038563066,17.220466388803,71.0,852.0,142.0,22.49178591241456,33.73552551576808,23.119,5.302532001766033,78.69494403541296,14.841012559509918,19.12453865135209,45.46107903546872,77.42289284775103,47.091950959368816,2797.7808495311106
NGA,2026Q2,ADM2,fixed,Ughelli North,621567.5007930085,266050.5402984619,42.80316135560968,4.305404842467311,89.0,774.0,134.0,26.76372024186062,38.447638725380195,27.283,5.482379457151054,87.34989641634425,15.932843959278964,19.28142470465983,39.99961621817002,84.84698606562054,51.88733862346883,811.6450281452688
NGA,2026Q2,ADM2,fixed,Ughelli South,494941.9851194905,63475.666900634766,12.824870148227628,0.9840851487008895,21.0,162.0,30.0,12.634516601241785,22.136850993220037,14.68,3.1315176786717487,50.29383558065954,16.060530624879615,11.124489011070471,63.09731309567158,50.12932063162234,28.218112884049674,626.0788824592809
NGA,2026Q2,ADM2,fixed,Ugwunagbo,85809.31219530125,2448.7261962890625,2.8536835148098882,0.5885574468454319,2.0,6.0,2.0,87.37402208578129,87.3740220857813,96.61,36.358,156.862,4.314373727927829,21.38939696878833,27.306578301607207,100.0,100.0,680.512827127028
NGA,2026Q2,ADM2,fixed,Uhunmwonde,295594.0121326036,91049.84443855286,30.80233046050603,1.3303992999795,75.0,581.0,99.0,33.764907799199314,53.68112758127807,30.031,5.108193335717954,129.81270031336035,25.412644311183897,17.365966300562164,42.0,82.42731594466935,73.67291401251292,141.99058961795407
NGA,2026Q2,ADM2,fixed,Ukwa East,129070.71733470683,3641.8139038085938,2.821564781703834,0.34555558062989655,3.0,12.0,4.0,6.46757893101282,66.327951403913,7.138,1.089,185.456,170.2993572084481,24.94670917957596,176.76324939450046,34.61349188223622,34.61349188223622,400.5072507214698
NGA,2026Q2,ADM2,fixed,Ukwa West,126042.52930337451,5110.317840576172,4.054439298243561,0.45470436579224727,3.0,30.0,5.0,93.0465928410099,91.70250767738979,43.114,45.58078098189246,99.324,2.1790763093650747,16.03078561139197,25.452660610787532,100.0,94.73766114749886,514.6742507842625
NGA,2026Q2,ADM2,fixed,Ukwuani,172785.36936856055,9864.765991210938,5.709260006944718,0.45819127490387057,5.0,27.0,6.0,69.37652522145679,71.84116760556205,59.677,23.386313550449678,97.374,4.163717372126299,21.890610546913827,21.0,93.93389952945573,93.93389952945573,427.81051554988943
NGA,2026Q2,ADM2,fixed,Umuahia North,495019.14747700706,130570.34399414062,26.37682696914374,3.461709126171525,24.0,209.0,30.0,30.707868594694652,37.29822363386717,30.2625,8.521792920477864,60.82821401759798,7.137959650653774,16.092661879905492,36.0,87.32861700334267,52.847427290604244,1927.3424269409786
NGA,2026Q2,ADM2,fixed,Umuahia South,286699.4594846368,23466.003662109375,8.184878933602187,1.5702675509372337,6.0,37.0,7.0,26.737114265611723,37.58217634603182,28.003500000000003,13.090490272911829,84.28789493223903,6.438864639520499,17.30181283887567,29.512015431830854,100.0,48.846488841373606,2025.1174899553243
NGA,2026Q2,ADM2,fixed,Ungogo,894086.9807362556,122660.25268554688,13.71905142657816,3.8354676230833236,23.0,151.0,33.0,21.404562080058504,33.38732477332929,21.231,1.6280016118581009,105.22963297899008,64.6373026982986,16.49018201123772,43.98326599764898,78.3005197375008,48.24047055875016,4168.077394699157
NGA,2026Q2,ADM2,fixed,Uruan,184270.26087464835,1953.4065551757812,1.0600769467106823,0.3637546030933834,3.0,7.0,3.0,22.988101408056536,39.45523277569392,24.725,4.079,96.636,23.691100759990196,12.606467286279258,32.64637419565274,63.13204912054397,31.06894621722187,602.0652336702442
NGA,2026Q2,ADM2,fixed,Urue Offong/Oruko,52345.44374252269,984.9483642578125,1.8816315114312272,0.3199448802264198,1.0,4.0,1.0,282.883,282.883,282.883,282.883,282.883,1.0,34.934,32.0,100.0,100.0,450.97595561062457
NGA,2026Q2,ADM2,fixed,Uvwie,417695.39994991035,355319.10693359375,85.06655974095077,43.55792982326793,98.0,1401.0,244.0,30.722148316012625,39.8606672542264,29.5165,10.653176098568284,89.83754075463186,8.4329349222628,17.14825083467465,42.0,93.09772677579451,62.26795082731444,5012.121409533812
NGA,2026Q2,ADM2,fixed,Uyo,980760.0290932655,674958.5450744629,68.81994831074805,29.53092391175325,111.0,1170.0,246.0,32.04654964673626,46.73810931953958,32.526,7.544842067320124,116.63275534188391,15.45860792064413,22.889168951869866,33.0,85.94583362423505,63.61338370644815,7031.736981019705
NGA,2026Q2,ADM2,fixed,Wamakko,721430.5876163892,189464.755859375,26.26236801039552,1.4315012386342942,28.0,110.0,34.0,20.763294262537933,38.38425380158949,21.238999999999997,1.3149515484132532,101.45499727352613,77.15493197901586,14.545120387131247,55.0,63.73001887197479,41.719058242038884,1039.1008418473934
NGA,2026Q2,ADM2,fixed,Warri North,76487.1607399156,5731.380304098129,7.493258016972187,0.32056034178932646,19.0,221.0,32.0,164.973930207063,122.81145067272915,62.4,21.68246977787009,216.41329501246238,9.981026019154958,13.036013445935703,22.94210704317024,97.68922637800766,93.87160182375048,34.86658581124291
NGA,2026Q2,ADM2,fixed,Warri South,490304.4359359332,304876.9138174057,62.181145319526166,4.492373532699103,66.0,509.0,125.0,30.25582306583339,49.03238263446369,30.212,7.083957506207326,112.8418101065226,15.929204827618578,20.729065021573042,38.0,86.4211231698728,67.65422817023656,900.9191866428337
NGA,2026Q2,ADM2,fixed,Warri South-West,34559.49009262813,1194.1607177257538,3.455377132374067,0.144848093243631,5.0,13.0,5.0,44.177581591561875,43.400187436601264,40.868,40.27004837465239,55.33396266508686,1.3740724160618667,8.58466393193472,37.72700706778745,100.0,97.37385279433516,27.030581804544294
NGA,2026Q2,ADM2,fixed,Wukari,418979.46948422765,13337.268676757812,3.183274992728466,0.042986400268453566,5.0,21.0,6.0,86.18472113646926,67.5053665065836,13.904,13.845006802028124,105.439,7.6156697867822265,15.058068686265068,34.0,100.0,59.80633523647341,98.16207356275342
NGA,2026Q2,ADM2,fixed,Yagba East,298187.3536738008,23001.140625,7.713653963394395,0.07225194681663294,3.0,27.0,3.0,37.90045843561463,35.404978252479665,36.702,13.44,49.994,3.7197916666666666,9.254876860728702,84.07813641092508,100.0,77.65600151962573,196.13103506110994
NGA,2026Q2,ADM2,fixed,Yenegoa,1664744.1586694866,848789.9912109375,50.98621231320708,4.359073007373348,83.0,522.0,123.0,36.5834831607998,50.0998863602788,37.113,14.068633086758835,128.66353180842853,9.145418109562081,24.683500002834975,35.0,97.8950839477996,71.69372478931525,2355.64278306077
NGA,2026Q2,ADM2,fixed,Yewa South,501857.09202978597,109575.55238342285,21.834014926488152,1.6426408885777728,33.0,1064.0,50.0,21.152411232698213,26.852766226951996,19.49,4.36831339803874,48.61153470137854,11.128215920406229,11.350735142090748,37.79014492415106,84.11385117527192,31.662029206705157,677.7908782922073
NGA,2026Q2,ADM2,fixed,Yola North,363289.926733315,111303.57588195801,30.637671923026947,14.557165351861794,30.0,119.0,40.0,27.835310228112462,64.61987810583116,22.6595,15.042809277064059,153.8075181354646,10.224653872995429,15.240154193126704,43.11700084553917,91.66816024917101,50.44245110854008,4839.330290648682
NGA,2026Q2,ADM2,fixed,Yola South,452249.25574875023,19456.575317382812,4.3021796210963865,0.16014357059897982,4.0,45.0,5.0,20.71006246801132,31.641149504482026,16.177,10.701,69.983,6.539856088216054,9.917224878203308,45.88318467988231,100.0,27.85493649736384,496.8953639410187
NGA,2026Q2,ADM2,fixed,Zaria,645479.1003991137,72521.8916015625,11.235358597469792,0.5907020151580737,7.0,22.0,7.0,25.908216247364557,41.850257962624624,22.178,0.5333014577007317,109.78705121385039,205.8630248024911,26.465051076666363,99.3521466246756,82.37581467352456,45.30039737327699,1512.333355355385
NGA,2026Q2,ADM2,mobile,Aba North,221837.32751464844,168181.2996826172,75.81289477602085,52.84126988220801,39.0,224.0,76.0,24.177179030353912,27.12220822285725,22.505,2.2319899016840257,58.17965119392649,26.06626990114526,12.028647327525228,41.02531133834487,68.64821268269715,47.419058114719206,8102.58248860925
NGA,2026Q2,ADM2,mobile,Aba South,240852.39135742188,135404.22094726562,56.21875713342098,26.607317520466317,27.0,131.0,49.0,22.102575586433872,22.97531868551067,18.288,4.58574531129512,34.98296304060105,7.628631916045302,12.770551931294609,37.0,74.26142158504501,43.757514706230864,6397.787094901052
NGA,2026Q2,ADM2,mobile,Abaji,134806.18035884178,2275.439453125,1.6879340747345466,0.03857908828082047,1.0,1.0,1.0,13.813,13.813,13.813,13.813,13.813,1.0,4.424,36.0,100.0,0.0,142.1791429116283
NGA,2026Q2,ADM2,mobile,Abak,293114.71072101593,50474.092041015625,17.21991090684508,3.301359591164896,15.0,27.0,20.0,28.795603262151374,42.70368189007366,23.06,11.839989321040353,117.34810150131491,9.911166160663717,15.415626866490184,35.53473974426636,91.75506788841332,50.57849075323288,1738.3897802486363
NGA,2026Q2,ADM2,mobile,Abakaliki,366414.35245794157,95751.1987915039,26.131945473531797,2.772959620751115,33.0,157.0,53.0,14.896944357792055,20.66937349557145,13.891,5.847160398218441,50.78422215293911,8.685279468032457,15.602490841199796,40.525147289705615,72.98474556676214,26.8098950121604,833.4532290452166
NGA,2026Q2,ADM2,mobile,Abeokuta North,251769.9903355073,118279.78904819489,46.979303963342055,3.0390098490822925,65.0,243.0,101.0,19.00584658125268,31.55785844321383,19.024,2.836787176194597,81.5565286893829,28.749611311620058,10.050306104098278,28.0,67.27414612698226,41.44962033052965,319.7640170379477
NGA,2026Q2,ADM2,mobile,Abeokuta South,220098.59982955456,158795.14349365234,72.14727563765697,35.685571560922305,64.0,211.0,113.0,28.469459287797918,52.342824559966196,31.521,4.466527621871075,134.4771356836786,30.107758659140394,10.878687061865213,29.0,83.51295812076137,54.85220387678489,3333.820099300593
NGA,2026Q2,ADM2,mobile,Aboh-Mbaise,317780.0626313696,28078.1494140625,8.835717754462664,1.6195253801273666,8.0,23.0,8.0,16.504957612973456,23.424299603688137,15.457999999999998,7.935160487288499,65.58555743606584,8.265183488239302,7.263163999665676,33.56229729066134,86.31493923810312,12.831862198630564,1736.3714962661275
NGA,2026Q2,ADM2,mobile,Adavi,422995.8751205338,118428.49296569824,27.997552678723338,1.2697523512080884,21.0,64.0,23.0,15.648304644680787,23.854831738026302,12.977,4.140045325965981,70.40190742600109,17.005105471779945,17.69774582253549,46.0,63.92700305065534,29.59246155121406,696.407551339751
NGA,2026Q2,ADM2,mobile,Ado Odo/Ota,3493171.7970503643,2308488.5435409546,66.08574320593803,18.259044094063775,422.0,2508.0,772.0,16.050733662542193,29.023709218674718,15.358,2.8005592781220447,56.23702505079735,20.08064085274706,9.986414567467174,32.0,67.26584717143506,30.253970407330154,4097.01650285904
NGA,2026Q2,ADM2,mobile,Ado-Ekiti,1287717.881301495,1021422.5160942078,79.3203644156791,21.294023930414706,161.0,1097.0,395.0,13.879500559515135,24.930066532417893,11.598,4.336225304042953,50.009035076566015,11.53284978756506,10.52077083762015,36.0,61.45759172488994,25.8714429609532,4636.24053720873
NGA,2026Q2,ADM2,mobile,Afijio,177046.64646868745,13314.717405319214,7.520457275463876,0.3604270511036735,9.0,16.0,10.0,14.566015483088826,12.881681692686557,9.165,3.8518170243656127,18.47651559363731,4.7968310739475895,7.063714500099122,21.183193834235038,71.16558903854055,0.0,193.1402990648139
NGA,2026Q2,ADM2,mobile,Afikpo North,165128.82973620886,37996.85942077637,23.010433418244318,2.2769214426134505,16.0,50.0,24.0,13.02257426987362,15.970658811444023,13.675,6.904645070390979,27.378306451246825,3.9652011323004204,12.876400211878202,42.82969812590056,66.46177590186588,27.967399146656142,635.0933836520434
NGA,2026Q2,ADM2,mobile,Afikpo South,67094.47448907554,1928.8164596557617,2.87477690874502,0.28831150192475724,3.0,9.0,4.0,15.985585920399805,15.441751161039127,12.376,12.266451044760124,16.63,1.355730352594841,14.07409185222304,60.1336924680985,94.09554653677155,0.0,174.24990428041116
NGA,2026Q2,ADM2,mobile,Agaie,188793.22754544634,2071.1259765625,1.097034042740722,0.05418629682589668,3.0,12.0,3.0,15.206,12.478333333333333,15.206,5.476,16.753,3.0593498904309717,61.537,59.0,66.66666666666667,0.0,93.28713920204844
NGA,2026Q2,ADM2,mobile,Agatu,69326.79002346405,1076.4523849487305,1.5527220928365484,0.06888545805520857,2.0,7.0,2.0,26.552708797219918,26.552708797219918,27.315,26.399,28.01830879721992,1.0613397779165847,10.132948910910509,175.44681564009585,100.0,100.0,65.0814026743494
NGA,2026Q2,ADM2,mobile,Agege,238467.7265625,238467.7265625,100.0,87.34482743364647,29.0,421.0,123.0,40.78395514526834,61.844811826553304,40.298,10.092495889662244,174.41017883852385,17.28117412633008,16.279793907532753,25.941327786805974,89.13016137552279,71.26909424670606,19467.07476830752
NGA,2026Q2,ADM2,mobile,Aguata,662541.0950379372,113885.84375,17.189249784344153,5.424596770081606,27.0,73.0,32.0,16.04335743071932,22.01836224876691,16.034,4.6948156995172035,38.30812594143719,8.159665553085853,11.806705710078852,35.100803672586245,87.2764503840598,25.18458078605481,3599.127316255047
NGA,2026Q2,ADM2,mobile,Ahiazu-Mbaise,247509.70949220657,13138.93798828125,5.30845356137229,2.603783222661613,7.0,21.0,8.0,22.53006341520833,32.21226059380423,28.076,6.0002029446078,67.41423122677428,11.235325179685363,8.614201482004013,37.64669992286545,84.84285884364462,45.7873122261433,2485.281740080019
NGA,2026Q2,ADM2,mobile,Ahoada East,370665.2398500216,17817.440547943115,4.806881960432114,0.45705585272697946,5.0,7.0,6.0,16.515759122068964,40.12770645179433,16.691,9.830598890265344,129.3463472210315,13.157524649806989,5.440871423626685,46.491364879192226,91.48795783728379,13.882864693846528,913.1839794992011
NGA,2026Q2,ADM2,mobile,Ahoada West,144278.7553521817,834.3282470703125,0.5782751902965431,0.0853452689249161,1.0,1.0,1.0,22.14,22.14,22.14,22.14,22.14,1.0,12.873,34.0,100.0,0.0,331.87893018687
NGA,2026Q2,ADM2,mobile,Ajaokuta,423325.50400171615,95580.25057983398,22.578429524398913,0.3850569725525762,17.0,66.0,21.0,12.076627800987154,17.62086134562219,6.95,1.8944548273818094,47.15331699223059,24.8901775385153,7.945351076719705,46.940636000297935,50.85568797018527,20.809261529824294,261.0721550659342
NGA,2026Q2,ADM2,mobile,Ajeromi/Ifelodun,270945.94921875,240663.6591796875,88.82349408567319,82.762086722587,28.0,309.0,89.0,14.48989816622837,29.398594117836424,15.1135,6.4466968466656684,70.63728368204517,10.957128179306254,15.652139834448382,31.396520261932675,67.87695175946561,29.931684714978157,21691.63644829634
NGA,2026Q2,ADM2,mobile,Ajingi,205015.42927257766,3235.0552978515625,1.5779569905201642,0.17149627304394333,3.0,3.0,3.0,45.57339722905869,46.390225555554764,40.209,18.004,71.524,3.972672739391246,38.07652720271014,37.75963214451845,100.0,78.19233975281392,327.6347875277245
NGA,2026Q2,ADM2,mobile,Akamkpa,164964.93778534804,2051.875244140625,1.2438250646998212,0.008085352351035031,1.0,2.0,2.0,47.256,47.256,47.256,47.256,47.256,1.0,14.444,47.0,100.0,100.0,35.97080233737645
NGA,2026Q2,ADM2,mobile,Akinyele,573619.114987731,353664.8938598633,61.655004970925305,12.71660465839816,144.0,724.0,245.0,22.382056494456787,29.124581767343,18.971,5.100855061463609,62.79929817435354,12.311523738205235,12.747645922052309,24.954737989659936,75.45351451463719,46.487715670950855,1378.29879678474
NGA,2026Q2,ADM2,mobile,Akko,604761.9147711574,101689.11075997353,16.814734571778185,0.3374566849277396,23.0,44.0,26.0,16.632492630803895,28.60602957889419,19.901,0.8538383685459405,32.58026994864088,38.15742082910146,16.43763180517018,53.25142893143365,51.76606587977698,25.18676875081533,244.9985535754378
NGA,2026Q2,ADM2,mobile,Akoko North East,171575.23995321456,46008.81246948242,26.81553147297255,1.7821585714092971,18.0,82.0,23.0,5.249028353399202,10.324521386584156,7.295999999999999,3.7814327854537706,24.070629266445053,6.365478545338361,12.334276873442484,43.776636014295065,38.58778425480377,14.654724773159089,462.2059685806649
NGA,2026Q2,ADM2,mobile,Akoko North West,167601.78194401655,20182.310302734375,12.041823224454621,0.2870885716573386,4.0,8.0,4.0,18.929845799006536,19.008495186410965,18.342,17.13783201772873,21.103,1.2313692874436737,6.484877772399239,30.968931555078083,100.0,0.0,327.38186210287915
NGA,2026Q2,ADM2,mobile,Akoko South East,71001.44390538761,3854.169921875,5.428297947026039,0.16325570018772131,1.0,2.0,1.0,3.863,3.8629999999999995,3.863,3.863,3.863,1.0,12.434,32.0,0.0,0.0,315.23949721063934
NGA,2026Q2,ADM2,mobile,Akoko South West,196695.7530698599,66376.52574157715,33.74578490162031,2.223619261941292,32.0,182.0,64.0,16.93137672431694,44.55655718744769,15.4485,6.358627716513737,86.42697244395033,13.59207934433625,11.614899342791436,47.52045047992821,82.450761997409,46.36447627776805,371.7924067558327
NGA,2026Q2,ADM2,mobile,Akoko-Edo,295651.2628478007,13646.230712890625,4.615651082104667,0.10766102718005438,4.0,11.0,4.0,15.776810902689459,15.281579773157013,17.633499999999998,3.099,33.31175546639689,10.749195052080312,6.1909624423965335,41.03924081255715,73.50259891942675,7.906363867039821,216.3306649743968
NGA,2026Q2,ADM2,mobile,Akpabuyo,210796.83709885454,14078.434448242188,6.678674425100608,0.3785655786740664,8.0,24.0,9.0,10.128412200967828,15.081909567036849,12.067499999999999,1.8522203632308865,41.78510297807446,22.559466361328298,4.2220731034619865,43.0,53.18891251464112,23.6926454922268,268.78060452259166
NGA,2026Q2,ADM2,mobile,Akuku Toru,74702.39659296686,5207.0263671875,6.9703605301436005,0.07871004536812985,3.0,4.0,4.0,27.761499999999998,27.761499999999998,24.831,24.831,30.692,1.2360356006604647,4.948,87.0,100.0,50.0,52.781537622186505
NGA,2026Q2,ADM2,mobile,Akure North,403793.33136872115,218713.49505615234,54.16471201116385,4.95334418266104,86.0,571.0,138.0,20.23629816628526,30.12478021064202,12.1085,2.472712384226726,72.38046144442457,29.271686390271224,11.462614176265472,33.970375487674694,66.78737035025144,47.34646037748592,632.0740142186844
NGA,2026Q2,ADM2,mobile,Akure South,704953.0899696649,543273.6186981201,77.0652156048423,18.084144102469143,128.0,753.0,258.0,11.5284629177444,18.481686356330357,12.5395,1.8340517387116628,45.71209768705334,24.92410476880221,9.421181857092938,36.0,54.38631188122749,23.56347038055733,2706.3934552561273
NGA,2026Q2,ADM2,mobile,Akwanga,241671.46974119748,38433.7333984375,15.903297745321629,0.34188881316336023,10.0,14.0,12.0,31.33011453922671,30.87750358086411,25.8145,3.171117351001177,67.1966015456595,21.19019705292343,16.346247671419288,31.0,67.00448580543068,54.9660309700572,226.39626444670785
NGA,2026Q2,ADM2,mobile,Aleiro,115525.39326670868,59397.950523376465,51.41549303039106,3.0555860979422933,23.0,81.0,31.0,12.730681927175253,20.934175975272044,21.603,1.5275053817876614,61.74103838556684,40.419522655501495,14.359477601774095,53.0,52.83121157047673,19.84509799750062,429.98882437582853
NGA,2026Q2,ADM2,mobile,Alimosho,2800669.04271698,2630571.974304199,93.92655591152011,74.67929790867561,370.0,3952.0,1187.0,27.583969878699516,50.03911500844844,27.7595,7.142008185047176,104.84844349553339,14.680526930093516,13.811641603913557,26.0,85.83668948213226,54.91900238990909,15318.61229997448
NGA,2026Q2,ADM2,mobile,Alkaleri,631812.7970183784,17197.654296875,2.721954094319294,0.005088343635393051,1.0,1.0,1.0,28.88,28.88,28.88,28.88,28.88,1.0,24.697,44.0,100.0,100.0,88.79801227440295
NGA,2026Q2,ADM2,mobile,Amuwo Odofin,637241.8418322802,530434.6589231491,83.23914471748665,33.63490802658451,104.0,669.0,251.0,39.754822817943065,68.81117401245379,34.5745,5.344944391724249,170.62393587210758,31.9224903698325,14.992216033717057,24.0,84.43984519374979,66.07323060089078,5582.187957673507
NGA,2026Q2,ADM2,mobile,Anambra East,199355.30806009896,38767.73648071289,19.446553421605266,0.7854086663803859,13.0,28.0,15.0,7.700778561526156,11.45399756912766,7.378,0.965356450324091,41.175690571033165,42.653354164888626,5.82219960489961,45.039673780450535,19.4012405194881,14.67129932159407,326.01905943856667
NGA,2026Q2,ADM2,mobile,Anambra West,82711.14772138752,3190.14990234375,3.856976949576095,0.12529815384180762,2.0,16.0,4.0,25.884866550204052,25.884866550204052,29.3315,17.599,41.064,2.333314392863231,27.022475422469707,33.943623767434765,100.0,35.311598338819735,140.32949449776916
NGA,2026Q2,ADM2,mobile,Anaocha,441702.6813583374,42708.8447265625,9.669138660246068,3.2668524044126586,10.0,22.0,14.0,16.39419695579696,22.144971354000116,19.3505,1.7945490349272533,63.46161594050833,35.36354521685216,14.092700281082534,36.0,57.436578295516874,31.797545089164153,3902.860491927447
NGA,2026Q2,ADM2,mobile,Andoni,79450.32282359333,2137.0223388671875,2.689759163864069,0.21758621540409745,2.0,2.0,2.0,29.382738767749352,29.382738767749352,44.2045,22.76,63.693938767749344,2.7985034607974226,24.25241772127098,35.85298946613332,100.0,15.441578884444377,232.61986007999326
NGA,2026Q2,ADM2,mobile,Aninri,230206.355188074,16152.247192382812,7.016421062392803,0.6900179156320608,6.0,33.0,7.0,30.718305886089464,37.581374376542705,24.11,9.284288255965945,66.353,7.146805244587547,10.93501783252169,34.8894154287354,88.80955372095673,56.26055548745005,716.1405663785143
NGA,2026Q2,ADM2,mobile,Aniocha North,146260.9293749979,41056.01734972,28.070392773490873,1.7285866066884985,19.0,95.0,23.0,33.96291493088739,33.89383411744367,27.086,7.466102808835814,71.06805605703698,9.518762047172853,7.5710448390582386,36.957809907286645,73.92586782548288,65.41926963619062,360.25551918468915
NGA,2026Q2,ADM2,mobile,Aniocha South,208851.18373788326,88434.78492546082,42.34344442904862,3.0676354086532864,72.0,165.0,101.0,20.832825490327988,42.57479441341505,20.043,6.052683599771337,93.97299556703062,15.525839740009012,11.837290398850266,36.91109860438077,78.27735298000131,37.93949309565956,240.78201296294125
NGA,2026Q2,ADM2,mobile,Anka,198610.45007100064,11588.1171875,5.834595905380306,0.013852120764851357,1.0,4.0,1.0,5.333,5.333,5.333,5.333,5.333,1.0,21.408,56.0,0.0,0.0,76.96337742378078
NGA,2026Q2,ADM2,mobile,Ankpa,372988.2345235821,15771.606384277344,4.228446080724884,0.11427382515649728,4.0,4.0,4.0,33.46239082672222,31.88579304490597,21.923000000000002,15.410477543799894,42.121,2.733270262409653,17.906410465121482,39.19917184820633,93.54046908901815,88.56474519765615,289.8521258851109
NGA,2026Q2,ADM2,mobile,Apa,78016.79148935898,1197.7430419921875,1.5352375035258308,0.034405325969555235,1.0,2.0,1.0,14.764,14.764000000000001,14.764,14.764,14.764,1.0,0.841,164.0,100.0,0.0,73.02657395059661
NGA,2026Q2,ADM2,mobile,Apapa,205397.68687057495,176408.90014648438,85.88650769842556,39.48779586248299,40.0,1000.0,108.0,22.28707821461063,35.13297923172018,23.5805,6.343062251837979,77.9035835144705,12.281699346699144,13.49435491919055,28.0,77.37004419498841,39.82923466384769,5491.893648358065
NGA,2026Q2,ADM2,mobile,Ardo-Kola,173459.6656540866,17896.020431518555,10.317107648072383,0.1948928290744028,11.0,34.0,17.0,39.4251292923766,47.54022180862324,22.806,5.281824355646934,134.11287950347813,25.39139329010337,19.256049622074343,52.37510919850333,83.14385093991105,58.32561199783844,84.2021017786121
NGA,2026Q2,ADM2,mobile,Arewa Dandi,202465.9073400636,25950.18404006958,12.81706356442688,0.11928621545476169,14.0,44.0,20.0,2.5342508236580037,3.6812607713007828,2.543,1.9415961094858827,7.321534425268174,3.7708843716249776,16.938709268657934,92.09464899387707,0.9287118039726915,0.2200592104584198,48.43675360588818
NGA,2026Q2,ADM2,mobile,Argungu,262319.2960502847,12577.959594726562,4.7949044481712315,0.10245038088316478,3.0,15.0,3.0,16.076179009194888,45.71817204106284,21.114,6.086,124.307,20.4250739401906,16.35297193909487,427.85827846894097,45.3348906131287,31.803750913067617,251.75330957681896
NGA,2026Q2,ADM2,mobile,Arochukwu,305017.40695186984,13761.698608398438,4.511774834729338,0.33644067522259624,4.0,10.0,4.0,70.35393202252116,64.75789225499594,39.8285,13.926255077959862,91.563,6.574847257028241,3.243148016423693,64.06193202792372,100.0,71.0929279940136,692.4838682777302
NGA,2026Q2,ADM2,mobile,Asa,214683.72161785958,17203.377212524414,8.013358946304601,0.19055598049101724,7.0,12.0,8.0,11.103069098716396,14.167257071373484,10.694,9.079743372712391,29.19945519414403,3.215889920622424,4.844214768889255,27.951822020786913,86.91306986292953,15.350063215064022,159.67865324238923
NGA,2026Q2,ADM2,mobile,Asari-Toru,41262.64197004377,693.9701995849609,1.6818365631768701,0.3436513943886093,2.0,2.0,2.0,6.303021352118251,6.303021352118251,12.8265,0.293,25.36,86.55290102389078,2.9609465093812273,53.56145018898514,23.97583018358101,23.97583018358101,190.91392593216165
NGA,2026Q2,ADM2,mobile,Atakunmosa East,45624.602253034376,9.856075286865234,0.02160254511853795,0.31000887849606046,3.0,14.0,3.0,68.57125069275384,70.39367569302449,40.393,31.64047479235955,106.563,3.3679330256362814,29.993,23.0,100.0,100.0,128.28323869553137
NGA,2026Q2,ADM2,mobile,Atakunmosa West,84214.93388481978,3736.359832763672,4.436695085308584,0.46327742518411336,5.0,15.0,12.0,13.41113014562583,13.424090210059497,7.262,5.861716316009383,19.996,3.41128756869168,8.108206053467427,28.056905257045834,78.42956891297115,0.0,212.44277590722066
NGA,2026Q2,ADM2,mobile,Atiba,129810.44802491472,19839.73974609375,15.283623196713625,0.16366608513270955,3.0,6.0,3.0,6.085227319540258,8.78344244273531,3.991,0.175,20.723,118.41714285714286,4.25563663887049,34.90240463511923,34.32879315753638,0.0,193.01458303029077
NGA,2026Q2,ADM2,mobile,Auyo,161418.1667634889,38866.41219711304,24.078090450661847,1.8472029002524515,20.0,60.0,32.0,21.757042622005002,20.64098742337473,18.039,3.4998854604382763,38.52653561537192,11.007941845773262,12.326508957325473,54.0,72.5129515663978,46.42315481142198,417.86680539078543
NGA,2026Q2,ADM2,mobile,Awe,179454.25608384574,32.79399871826172,0.018274294203944375,0.014244133944165821,1.0,1.0,1.0,44.599,44.599,44.599,44.599,44.599,1.0,10.807,45.0,100.0,100.0,69.7465745942794
NGA,2026Q2,ADM2,mobile,Awgu,227940.1703481727,15705.69677734375,6.890271580193042,0.7905917365423832,9.0,17.0,10.0,18.934033238194576,20.854464701734795,22.967,10.864722752253066,32.10611014717392,2.9550786411476477,5.218282052232537,39.761125057997575,100.0,24.537002522006112,541.7021606965919
NGA,2026Q2,ADM2,mobile,Awka North,159034.96465856297,57090.67274475098,35.89818934931742,3.470871922899211,35.0,261.0,86.0,12.412172746327228,22.903943958378598,12.208,0.7400436631726801,60.96545152750849,82.3808844820592,4.717375851462989,41.161800669692305,55.91028129900041,25.728602760521674,426.8527173913526
NGA,2026Q2,ADM2,mobile,Awka South,535131.0279575586,318355.4987792969,59.49113061045411,21.41820389597507,91.0,696.0,196.0,31.331300845242747,48.207929605425626,29.798,4.311847311816144,98.38450142247403,22.81725077621884,18.501291346708722,39.0,82.80116518133109,55.75520853146124,3408.323624144638
NGA,2026Q2,ADM2,mobile,Ayedade,202234.40649083673,3748.984619140625,1.8537817991472643,0.037076559170887605,1.0,1.0,1.0,31.994,31.994,31.994,31.994,31.994,1.0,0.851,43.0,100.0,100.0,203.97052398258216
NGA,2026Q2,ADM2,mobile,Ayedire,90402.72730773997,13721.259948730469,15.17792699109831,0.2725949431043053,2.0,2.0,2.0,11.397467608759282,11.39746760875928,27.441000000000003,2.907,50.651867608759275,17.424103064588675,7.947409427855353,37.55731247409378,17.30347193437532,17.30347193437532,335.40256397140996
NGA,2026Q2,ADM2,mobile,Babura,323771.8883723814,14854.932861328125,4.588086055279434,0.2436068759469235,7.0,21.0,10.0,14.083637787014831,20.49465295379032,11.77,7.091610202067892,49.70923653772684,7.009583877471406,12.849056821905496,80.73014088050407,86.52552382206136,24.80015672403381,316.5115165263104
NGA,2026Q2,ADM2,mobile,Badagry,1027633.2595086952,435117.2619934082,42.34168736436527,7.737859809806139,92.0,403.0,119.0,15.22194006927068,22.330777547404498,14.441500000000001,2.712397099652287,56.11824398721585,20.68953841397702,9.568235230670467,26.743882922649483,69.60884239104061,29.68484217220901,2341.005946148389
NGA,2026Q2,ADM2,mobile,Bade,205486.07932114616,60235.129150390625,29.313484080958837,0.28510602435465693,9.0,12.0,9.0,11.10473978168805,18.259165189375526,13.618,1.468965423094583,39.068,26.59558855898578,33.31562443167177,58.23829328169169,48.86592109747782,41.29019234190927,183.1783360485745
NGA,2026Q2,ADM2,mobile,Bagudu,392666.4601041577,28820.03564453125,7.339571512394138,0.09018238303589664,14.0,28.0,15.0,5.6028169702866,45.09135121462586,2.215,0.469402218956705,206.37864124261486,439.66268779323786,2.679154911371781,83.7155569234827,39.12077386281479,18.892196595884215,70.40799236254266
NGA,2026Q2,ADM2,mobile,Bakassi,42994.61263017042,2569.640106201172,5.976656025034145,0.2751793449200207,2.0,11.0,3.0,20.8048516794863,20.8048516794863,14.4595,8.0056516794863,22.459,2.8053931021691825,3.466881902509475,32.757642443198506,89.66092680471466,0.0,159.31552623228623
NGA,2026Q2,ADM2,mobile,Bakori,227986.17237597736,24352.703857421875,10.681658279371987,0.14620236952968396,3.0,5.0,3.0,28.670152870023372,35.041455467277274,20.953,6.667,68.818,10.32218389080546,15.295548076504415,48.516317588842156,75.36408530592202,36.786675525902545,309.5386857098525
NGA,2026Q2,ADM2,mobile,Bakura,213349.77935371056,4415.770137786865,2.069732694902863,0.0399845553389947,2.0,2.0,2.0,61.579496626942266,61.579496626942266,34.3085,16.81389662694227,62.287,3.704495238789115,54.97107956864486,37.18965546036896,98.73563026420693,98.73563026420693,119.83109413513375
NGA,2026Q2,ADM2,mobile,Bali,278325.9109919836,3130.89990234375,1.1249042143381063,0.0037766066288207056,1.0,2.0,2.0,2.856,2.856,2.856,2.856,2.856,1.0,0.935,230.0,0.0,0.0,28.6455153753142
NGA,2026Q2,ADM2,mobile,Bama,345903.72110411106,66485.66479492188,19.220858504413382,0.07360318769839412,8.0,9.0,9.0,11.465689192580475,13.481216216134438,11.283,1.9433161443235016,28.60461071500766,14.719483908247655,11.573623749422667,132.12011143128578,50.786825768211905,22.698018457581114,88.6462117854837
NGA,2026Q2,ADM2,mobile,Barkin Ladi,412997.0567898814,7501.68701171875,1.8164020513917,0.03187785304543505,1.0,2.0,1.0,7.967,7.967,7.967,7.967,7.967,1.0,10.207,430.0,0.0,0.0,362.02689500863573
NGA,2026Q2,ADM2,mobile,Bassa (2),297892.6455353255,24113.03173828125,8.094537444839943,0.27435769708836333,11.0,23.0,13.0,15.869627734637621,32.57065197567514,9.534,2.6194975361812083,102.92039524283896,39.29012866829407,11.151661673609166,43.223106531690426,54.720881725104284,25.066638228820832,204.82285976014307
NGA,2026Q2,ADM2,mobile,Batagarawa,288339.6949982867,38039.90089035034,13.192738131521008,0.9580583083580904,15.0,63.0,22.0,40.869441024979686,45.17070433778175,10.265,5.052281383979054,93.338,18.474426285118994,10.41760155627166,44.48400371627058,74.94825428648774,55.581463921284616,518.478750820752
NGA,2026Q2,ADM2,mobile,Bauchi,642816.289053833,197317.53579330444,30.69578962968376,0.9895339381374715,88.0,302.0,131.0,18.331345885558274,28.300096171886203,17.694,1.021969172378812,64.45989452251763,63.074206409255915,11.593652904838006,51.76684022798769,65.40162462012303,39.237116263416574,199.7018333941308
NGA,2026Q2,ADM2,mobile,Baure,348010.5593255505,17033.441772460938,4.894518662155537,0.1208102345096938,3.0,9.0,5.0,35.79055667937193,34.77742883023476,35.387,29.797234497897115,35.93,1.2058166002799922,30.884156279685303,47.29624171309319,100.0,100.0,394.2474719562607
NGA,2026Q2,ADM2,mobile,Bebeji,313965.99227756314,8804.71826171875,2.80435412697019,0.2496316540549118,5.0,8.0,5.0,38.92275494819806,37.40664648057741,37.477,13.149678287097384,62.60283160678041,4.760788077089843,12.287212178494354,45.42506454135375,91.40748620942595,76.29177260527538,436.88419401127646
NGA,2026Q2,ADM2,mobile,Bekwarra,215813.98546503918,4633.60009765625,2.147034209887603,0.10849457453218002,1.0,1.0,1.0,28.821,28.821,28.821,28.821,28.821,1.0,22.169,40.0,100.0,100.0,634.8368611522621
NGA,2026Q2,ADM2,mobile,Bende,247893.55920669553,4965.36865234375,2.003024470758269,0.06265379267818047,1.0,1.0,1.0,115.383,115.383,115.383,115.383,115.383,1.0,9.58,43.0,100.0,100.0,419.5636800743458
NGA,2026Q2,ADM2,mobile,Bichi,431106.54498928785,27903.00732421875,6.472415612458884,0.14845168463022348,3.0,5.0,4.0,2.4285281799441547,5.3884533823297875,2.569,1.964,17.949475149851057,9.139243966319276,0.9299183135754587,2046.4274730611316,19.766474824316006,0.0,597.3190618769194
NGA,2026Q2,ADM2,mobile,Bida,344303.26577353774,85655.15460205078,24.877822291232537,1.1539288116104613,22.0,39.0,30.0,29.84247114553009,27.8769418952639,16.0645,4.345442834854621,49.50278211625632,11.391884325159339,11.923073603369943,40.53442140764501,80.3065438320456,55.99275469859353,495.25969628175403
NGA,2026Q2,ADM2,mobile,Bindawa,206462.24571657184,6719.64208984375,3.2546590135749907,0.21391584878217754,3.0,3.0,3.0,76.7890462187677,73.89121690935369,64.732,41.31704371478925,81.68,1.9769081390197096,56.27604777591009,44.08298673771534,100.0,92.69627499313863,413.99619092541815
NGA,2026Q2,ADM2,mobile,Biriniwa,156933.4397989185,7876.424067497253,5.018958405289179,0.17968232015044538,8.0,19.0,10.0,28.32545361026454,37.22782389055333,32.9305,17.922377881119736,89.557,4.996937381525891,21.15011359318833,48.662927012384614,99.48480550500456,28.427800966922913,99.15475097799113
NGA,2026Q2,ADM2,mobile,Birnin Gwari,358041.43508625694,6256.454833984375,1.7474108359768785,0.011546256320661735,2.0,2.0,2.0,8.305258405196291,8.305258405196291,8.2765,8.083,8.47,1.0478782630211556,2.0826552276732633,56.65502261160827,0.0,0.0,57.218162007363894
NGA,2026Q2,ADM2,mobile,Birnin Kebbi,628859.6415068957,229613.50424051285,36.51267931430691,1.2039475354307105,35.0,130.0,46.0,17.533040545115654,33.042364769357825,17.377,6.651963953023723,85.60476947880835,12.869097019068445,17.23971855296023,57.18617877595446,83.24329872753722,39.674822193986806,606.7028180828861
NGA,2026Q2,ADM2,mobile,Birnin Kudu,434600.6732943618,67343.44885253906,15.495477340626737,0.3217998949073616,13.0,55.0,26.0,15.622871236064046,22.524181293804837,15.37,3.9154205277101566,44.07276596404594,11.256202405880751,18.75947793489498,50.74157985374755,64.55212704846547,24.036844726827038,299.5320118375052
NGA,2026Q2,ADM2,mobile,Biu,262179.95094147406,40152.56494140625,15.31488765529956,0.0913179520280972,8.0,20.0,11.0,11.32909204142132,11.762820609048351,7.3774999999999995,0.8135518109830515,21.065,25.89263488276943,16.156121958860137,58.610358953091335,50.08930051010396,0.0,82.84131730869603
NGA,2026Q2,ADM2,mobile,Bodinga,325508.90339601215,5524.0572509765625,1.6970525823854434,0.10238731210901508,2.0,2.0,2.0,12.913430403727022,12.913430403727023,7.2105,1.994230403727022,14.035,7.037802639940678,8.051868486224704,39.958202466541664,91.78277092627314,0.0,468.9344918317445
NGA,2026Q2,ADM2,mobile,Bokkos,349381.9768626594,9904.685180664062,2.8349158905118776,0.13713559730874592,6.0,14.0,7.0,73.25546434085963,76.57134721989922,24.503,21.644916606649506,107.748,4.977981757014434,17.74082546266034,41.696426276123155,96.03097700727346,86.02001140484768,219.36587371661443
NGA,2026Q2,ADM2,mobile,Boluwaduro,54011.99647307396,6416.688018798828,11.880116340446095,1.0852562402635384,5.0,5.0,5.0,40.420053281665595,34.403657778863,38.072,10.648,60.416381960481274,5.673965247979083,39.40329134849202,21.704107451660512,100.0,69.54576958741761,319.60193370116946
NGA,2026Q2,ADM2,mobile,Bomadi,82098.28436857523,142.55149841308594,0.17363517338938497,0.35754517711577677,2.0,8.0,2.0,3.152,3.152,3.3835,3.152,3.152,1.0,1.297,46.0,0.0,0.0,395.7480469593344
NGA,2026Q2,ADM2,mobile,Bonny,215181.04455062855,106728.65218353271,49.599467465370175,3.849469159464426,25.0,110.0,44.0,19.78897292588478,29.213466949040473,18.265,6.983403984614679,65.21354439548759,9.33836056730518,12.960044629651337,74.43584302935061,73.79007734091964,45.52189367191254,891.3803274623157
NGA,2026Q2,ADM2,mobile,Borgu,422952.02440049197,16219.221801757812,3.8347663247971315,0.023628176575642007,7.0,19.0,7.0,21.48970392419274,23.364208477550232,14.996,3.785939987920011,41.092,10.853843465853739,17.166012162293683,81.90162482879306,71.84959658981501,35.820098411305096,39.336034429048425
NGA,2026Q2,ADM2,mobile,Boripe,179853.21280750632,31788.9189453125,17.67492415013771,5.467444301729308,12.0,31.0,20.0,19.652175723082564,28.053777345378773,18.615000000000002,3.1759918136543033,59.330021609162394,18.680785433416197,24.558026865563818,26.915132704690343,62.45932374418132,27.678128646009796,2233.9680837159735
NGA,2026Q2,ADM2,mobile,Bosso,374952.1796227891,69448.5279083252,18.521969382386864,0.8540207699646525,45.0,942.0,93.0,12.699864109204237,16.68326626099704,10.477,6.007217307926427,39.18990257827218,6.52380304713827,8.561784046961456,44.0,55.28219437031626,14.332760024272101,195.7288941191062
NGA,2026Q2,ADM2,mobile,Brass,60587.7352107785,1239.551025390625,2.0458778019649597,0.028305105526162392,1.0,1.0,1.0,3.227,3.227,3.227,3.227,3.227,1.0,1.235,72.0,0.0,0.0,46.12221710344147
NGA,2026Q2,ADM2,mobile,Buji,143103.11286577766,3883.4207458496094,2.713722062420844,0.23639357439852088,4.0,4.0,4.0,14.779333335575,18.82993607019606,18.767,8.247,45.072,5.465260094579848,0.9307159846637132,71.8661717835848,44.343074841041116,22.463115314140104,235.60577130800016
NGA,2026Q2,ADM2,mobile,Bukkuyum,325486.5294701785,6260.4716796875,1.9234195927795203,0.019067155575000397,2.0,11.0,2.0,16.11800300902098,16.11800300902098,17.9605,10.731,25.19,2.347404715310782,12.291030767512494,669.7406730878873,100.0,37.25709253074887,86.74787394303443
NGA,2026Q2,ADM2,mobile,Bungudu,587821.0038634604,26177.822998046875,4.4533663863646975,0.08592664171119939,5.0,6.0,5.0,24.344791415679325,32.61625553705856,25.065,12.550023481458846,76.18888877213514,6.070816431913062,54.28443518654637,54.70040364131655,100.0,70.51150776385346,282.9413987784333
NGA,2026Q2,ADM2,mobile,Bunza,211095.50110348285,28687.4580078125,13.589800757406662,0.06912924012069331,2.0,8.0,4.0,14.456627663398336,14.456627663398336,13.807500000000001,7.762,19.853,2.557717083225973,24.980108183743596,55.124192073129734,55.36868466957519,0.0,204.08293506578542
NGA,2026Q2,ADM2,mobile,Bursari,238014.23455528548,6315.9918212890625,2.653619365703103,0.02931022325696067,3.0,3.0,3.0,25.122138686150517,26.250806951136347,20.289,18.28578593262203,32.896,1.7989929512033278,16.114990423715366,47.48526538615355,100.0,50.43056995564702,65.3824330561202
NGA,2026Q2,ADM2,mobile,Burutu,127106.92791578366,2273.52978515625,1.7886749545725837,0.02065520909633568,1.0,2.0,1.0,10.205,10.205,10.205,10.205,10.205,1.0,15.42,26.0,100.0,0.0,70.84064642413995
NGA,2026Q2,ADM2,mobile,Bwari,941141.5623752598,750767.4005203247,79.7719950466891,10.10977613062703,286.0,2114.0,707.0,24.73295158703906,56.03967004486995,24.3535,7.797007241078611,144.4121430407823,18.521483766225774,15.338570042107303,36.0,85.67961380139066,48.246837962096414,912.9271484367963
NGA,2026Q2,ADM2,mobile,Calabar Municipal,517627.9558334361,457133.8913574219,88.31321535201623,38.800203990689106,67.0,380.0,121.0,18.004322471281988,30.08560752780932,17.227,4.246035074389507,86.36389319648232,20.33989161262397,18.928391012701617,41.2052957003521,65.75112196750148,30.016119603544446,8077.8602166080855
NGA,2026Q2,ADM2,mobile,Calabar South,427264.610418507,257497.00244140625,60.266400764900034,8.443803807512456,35.0,528.0,73.0,25.87005399019494,47.74757019550157,24.716,2.566329920718778,150.82511277597075,58.77074165652389,17.37578697370621,40.6100511590347,79.49288790174506,50.06270832137538,2777.335372301605
NGA,2026Q2,ADM2,mobile,Chanchaga,487942.751701355,396579.8409423828,81.27589549380359,50.52087478833165,111.0,692.0,248.0,12.356550343847056,15.990833382460137,11.766,1.9021487771241896,34.822055057577366,18.30669371205755,10.274139082159586,46.0,55.92291325352937,17.02521472836696,6109.444205190891
NGA,2026Q2,ADM2,mobile,Charanchi,230098.7867574692,4917.347991943359,2.1370595044146787,0.13384917710950375,2.0,4.0,2.0,32.032120860736626,32.03212086073662,32.8775,31.834,33.70172086073662,1.0586706307952698,7.218306816706951,140.65252811677436,100.0,100.0,432.2670879001092
NGA,2026Q2,ADM2,mobile,Chibok,139006.79729487092,9990.5654296875,7.187105684116163,0.02851653214550549,1.0,2.0,1.0,9.036,9.036,9.036,9.036,9.036,1.0,49.896,57.0,0.0,0.0,109.91742313796034
NGA,2026Q2,ADM2,mobile,Chikun,1339095.811659666,616727.9120483398,46.055547831485754,1.1415854773481995,141.0,661.0,262.0,17.620107478978788,35.406322330866615,17.647,5.638923048756647,87.66722124751873,15.546802197779396,13.414399293793586,39.0,72.2095861059334,37.56363122438656,299.8183734699195
NGA,2026Q2,ADM2,mobile,Dala,309831.15625,214116.5087890625,69.10748143620967,56.59505611048482,22.0,107.0,35.0,23.434790276649423,27.041174986622842,20.7365,10.017809999320363,45.401681186371505,4.532096455158531,25.74756788314044,38.8282357278292,89.37009530392747,41.90493925781598,22282.633258369264
NGA,2026Q2,ADM2,mobile,Damaturu,445211.6757737399,101385.00183105469,22.772314237908567,0.34675993248584297,23.0,42.0,29.0,21.412998314805105,28.13664345259623,19.388,4.840592977604234,56.556870834220284,11.683872429656772,19.332171074615292,41.17606946311138,77.1908819428111,45.33727902719793,187.26040755757094
NGA,2026Q2,ADM2,mobile,Dambatta,447981.7547540177,8654.134765625,1.9318051848734106,0.045496374090553154,1.0,3.0,1.0,80.537,80.537,80.537,80.537,80.537,1.0,10.169,42.0,100.0,100.0,571.4933803922642
NGA,2026Q2,ADM2,mobile,Dandi,160479.15069835147,34601.005586624146,21.561059761378452,0.31591206631671026,17.0,55.0,18.0,0.9920031408009847,12.421860415258763,2.125,0.256518894158367,71.19695030609168,277.55051158975,2.9025070484373945,1033.861713579969,13.646430895901407,13.4317715232338,83.2435652531331
NGA,2026Q2,ADM2,mobile,Dandume,251573.84899234815,36419.88671875,14.47681738965553,0.2740213738835997,4.0,11.0,6.0,3.1648430333679656,8.002658292371388,3.1135,2.204510485782336,25.63,11.62616379704106,9.125942826642376,138.30844020205225,22.408905097886617,22.408905097886617,479.8136984993985
NGA,2026Q2,ADM2,mobile,Dange Shuni,396362.46095078567,51835.51135253906,13.077805407756617,0.25233860828124804,8.0,25.0,10.0,10.38201196799105,17.290241756651753,11.6655,4.314602559795652,42.63429136783854,9.881394816086555,5.477512062968316,53.0,55.82438625278171,35.11827167108068,352.1323948060432
NGA,2026Q2,ADM2,mobile,Danja,170517.41702064886,8786.401123046875,5.152788070900043,0.213672939930717,3.0,7.0,4.0,3.6223952224099167,3.8653603658077644,4.094,0.7374119359222497,18.9407602144217,25.68545380369155,13.001658007065698,156.3726741872333,1.531491939471782,0.0,337.87718764866634
NGA,2026Q2,ADM2,mobile,Darazo,489238.07703162404,6437.738174438477,1.3158702228367938,0.04744907866679312,4.0,4.0,4.0,104.33186978087942,102.3333277753379,32.7495,18.446364897456352,117.819,6.387112076279407,50.418021229668476,39.708136593556226,100.0,86.8708138972094,161.45745823204643
NGA,2026Q2,ADM2,mobile,Daura,389050.41710610915,202803.74642944336,52.12788304867205,3.756358322997027,23.0,131.0,45.0,15.398300242860456,20.938122546827547,16.372,1.8679420647908296,45.949805106246174,24.599159670078734,25.51355945467685,57.0,69.26289784692241,27.710299675667105,1790.2718379478556
NGA,2026Q2,ADM2,mobile,Dawakin Kudu,468345.14285528706,19771.350646972656,4.221534257072836,0.7608383286131406,9.0,25.0,10.0,41.62539103827616,33.22816281840547,41.624,4.155070116528762,61.797214274647295,14.872724777572241,19.698746852402934,52.60151011975616,78.60373704898433,60.131228360113234,1105.6714680527432
NGA,2026Q2,ADM2,mobile,Dawakin Tofa,359408.18380630016,15425.964904785156,4.2920460912762195,0.44184738613896146,5.0,11.0,7.0,24.207552257120504,26.660319370608118,19.47,5.297727823166655,57.17552494991091,10.792461760660046,24.465015638833076,36.75701302740671,78.17763659902616,48.16000524873467,888.4686086438893
NGA,2026Q2,ADM2,mobile,Degema,33107.127628159,2353.528564453125,7.10882741289628,0.05590082062090805,1.0,12.0,1.0,18.414,18.414,18.414,18.414,18.414,1.0,0.75,64.0,100.0,0.0,49.83394293591239
NGA,2026Q2,ADM2,mobile,Dekina,408812.0705010967,38799.30993652344,9.490744705498942,0.21063040012472717,14.0,75.0,15.0,10.712911776900944,28.218916087132534,9.612,2.714286776191925,92.53196871502331,34.09071197879957,8.570852718627044,40.0,52.790211229034355,22.658175082377767,167.3396285345983
NGA,2026Q2,ADM2,mobile,Demsa,188913.05532552485,12430.416015625,6.579966638200612,0.0458484319910914,2.0,3.0,2.0,12.893878126721987,12.893878126721988,13.5085,4.235,22.782,5.379456906729634,13.515579435397642,44.066277227937455,46.68613860312713,0.0,119.02590297108654
NGA,2026Q2,ADM2,mobile,Doguwa,230818.83624796334,7386.860046386719,3.2002847629173496,0.07739155588296752,3.0,5.0,3.0,1.324149586617958,2.7949570520262474,1.402,1.215,6.152,5.063374485596707,5.999650136453614,221.6316272552325,0.0,0.0,164.95755899416733
NGA,2026Q2,ADM2,mobile,Doma,188608.0411488275,134.0196533203125,0.07105723197377348,0.02373519539202765,2.0,22.0,2.0,14.663999999999998,14.664,14.664,6.672,22.656,3.39568345323741,16.035,33.5,50.0,0.0,61.169082286373154
NGA,2026Q2,ADM2,mobile,Donga,238242.55500831653,4144.48388671875,1.7396068836543812,0.011887686552694872,1.0,1.0,1.0,35.201,35.201,35.201,35.201,35.201,1.0,62.168,44.0,100.0,100.0,77.04813580690512
NGA,2026Q2,ADM2,mobile,Dunukofia,229292.79366099834,39064.683990478516,17.037030848965244,4.73519930439407,11.0,26.0,11.0,10.801619489980162,23.130495971551863,11.26,4.447393162340122,33.162429411186736,7.456599450662775,9.328845662146284,77.13122566115302,51.070468621747864,33.153803160282614,2670.8294174474845
NGA,2026Q2,ADM2,mobile,Dutse,484286.33605013735,129138.36627197266,26.66570511264707,1.3171483404724649,40.0,84.0,55.0,12.037688940913316,15.22060592239601,11.6965,2.8634360828315053,31.485608026640953,10.995743266427812,11.113651346342314,58.32316388394358,61.104375562247824,12.740902479666735,444.7610937010711
NGA,2026Q2,ADM2,mobile,Dutsi,226713.07171919942,441.95172119140625,0.1949387910630912,0.09594970120664915,1.0,2.0,1.0,30.738,30.737999999999996,30.738,30.738,30.738,1.0,8.445,36.0,100.0,100.0,612.6556803344162
NGA,2026Q2,ADM2,mobile,Dutsin Ma,289926.9255503434,79602.11450195312,27.455923367880118,1.0583682502009164,20.0,85.0,44.0,14.384524717979316,23.89066418899754,14.5995,5.009087862114553,56.610251774704786,11.301509043765734,20.922770052755773,58.91011300878473,79.0430586405818,33.23273064332864,430.3296654131368
NGA,2026Q2,ADM2,mobile,Eastern Obolo,27370.722113392374,6098.904704093933,22.282586037837,3.7606493730452772,16.0,55.0,22.0,37.64770318905716,33.17864098179711,23.756,3.1393723631673707,45.923,14.62808316044021,17.926309904815344,44.11585680535707,81.75164795694667,81.52170400284454,173.12029812467952
NGA,2026Q2,ADM2,mobile,Ebonyi,415416.0189361572,154083.3715209961,37.09134084804665,3.717220528093823,40.0,166.0,67.0,12.8050992732231,16.997740284181752,14.123000000000001,1.4342788842314502,35.949901822784476,25.064791943895916,9.627250765244185,44.098708657177966,61.83750297210003,28.277887541235323,1045.204007199367
NGA,2026Q2,ADM2,mobile,Ede North,260546.22205018997,98109.10467529297,37.65516302761583,17.366865622926614,46.0,186.0,74.0,14.88550106000106,37.563018745233094,10.312,4.879578325086912,93.31029217140127,19.122613872529506,16.658474079924133,39.764942648949685,60.43266900497288,30.191001774747132,2678.9308264687015
NGA,2026Q2,ADM2,mobile,Ede South,127631.4302710313,80039.92684173584,62.71176830955143,6.934659680429295,41.0,257.0,80.0,6.829216808112956,15.024144247633222,6.878,0.7571167093962042,39.66494972710538,52.389478708953504,6.869236137011295,38.16622687017107,41.92714513591413,17.283552946272035,587.8664143044238
NGA,2026Q2,ADM2,mobile,Edu,152563.8597452962,2114.502685546875,1.3859787560940156,0.015049191794576642,1.0,1.0,1.0,43.181,43.181,43.181,43.181,43.181,1.0,21.949,31.0,100.0,100.0,62.94782476766474
NGA,2026Q2,ADM2,mobile,Efon,93618.53661381033,6718.668866634369,7.176643760572573,0.3082928391146083,2.0,3.0,2.0,6.994168249385596,6.994168249385596,25.325999999999997,6.806,36.6261682493856,5.381452872375198,3.607212190353558,28.121923271740126,0.508013632250528,0.508013632250528,392.92910840691866
NGA,2026Q2,ADM2,mobile,Egbeda,676273.0177847147,550204.6994018555,81.35836931719906,22.2403441299845,132.0,790.0,245.0,15.807671569490168,27.927600289266444,17.066,1.7699063038375284,72.42852631430043,40.922237610691695,10.968805864147674,26.0,71.41220762058683,30.93360428418101,3098.4348998467403
NGA,2026Q2,ADM2,mobile,Egbedore,344118.2165378345,191961.02352905273,55.783452983212634,6.638710758946192,52.0,344.0,98.0,15.381108262003409,29.09600161972136,10.195,1.6437220654842564,69.96854752855948,42.56714014966154,8.506136741306507,37.0,59.08525956215163,29.459279729170696,1196.9360415869955
NGA,2026Q2,ADM2,mobile,Egor,301292.0428132415,204926.82150268555,68.01600851759342,45.27488801074503,114.0,853.0,275.0,23.370453891302663,45.97311369627198,23.018,3.787463413341588,124.9327848120553,32.985872384132186,15.389595711868822,34.0,75.91911156424392,48.67882194158762,3239.8827164286827
NGA,2026Q2,ADM2,mobile,Ehime-Mbano,256181.84743690694,7551.60107421875,2.9477502601266763,0.3879882821961801,2.0,3.0,2.0,21.77183071085753,21.77183071085753,22.05,14.116,29.984,2.1241144800226697,4.357315101090373,37.28048327617088,100.0,48.246979523932005,1342.0142846012816
NGA,2026Q2,ADM2,mobile,Ejigbo,199821.1697279657,40163.05108642578,20.099497536273713,0.9002065079433607,9.0,20.0,9.0,2.127505483570715,3.8548310814330415,4.95,0.362,9.574338130567021,26.448447874494533,5.241248211445281,41.53923110030103,4.53346324891117,0.0,544.8085217443961
NGA,2026Q2,ADM2,mobile,Eket,453790.96679353854,242241.2922077179,53.38169111637044,8.654314883891788,44.0,166.0,61.0,11.143732509081875,19.632767714659746,14.652000000000001,1.6155067315057168,51.86762664870183,32.10610369933843,8.327654901617747,49.504768107339714,55.573947726985175,26.52413344203212,2402.7823082680584
NGA,2026Q2,ADM2,mobile,Ekiti East,177749.4360177371,25345.169555664062,14.258931068076604,0.6049467229321448,5.0,6.0,5.0,28.77153113574019,29.97859101104025,26.169,5.151,59.824,11.61405552319938,11.596517991783168,31.0,71.83296255817669,64.28606088836086,585.750585781919
NGA,2026Q2,ADM2,mobile,Ekiti South-West,170082.47146601113,42166.98065185547,24.79207897698148,0.8833485274325772,7.0,146.0,14.0,11.78812114946646,17.76332605930346,13.372,1.428971737653666,50.0194937640801,35.00383698715469,15.851998229206512,31.518990721314626,44.889261249783424,33.6760047777347,584.066357696251
NGA,2026Q2,ADM2,mobile,Ekiti West,166963.68861034606,1280.3299560546875,0.7668313791525511,0.19647179782620897,2.0,4.0,3.0,5.430499173091425,5.430499173091425,6.0095,2.593,9.426,3.635171615888932,3.173434800361121,58.432095579685985,0.0,0.0,446.7010952643816
NGA,2026Q2,ADM2,mobile,Ekwusigo,290399.4021450318,24480.9794921875,8.430106712120972,1.8508645812020106,6.0,41.0,9.0,11.359367670921921,11.227369637071439,11.083,4.051100116355588,18.373458024658365,4.5354243284383005,7.5583809649276334,38.64156938606975,76.20569195848775,0.0,2421.8092931327296
NGA,2026Q2,ADM2,mobile,Eleme,516617.89511671773,217679.45629882812,42.135485115096245,9.286515796252063,34.0,105.0,50.0,22.488564544170128,29.168624521862757,16.6705,3.8892389021815283,78.78143092823427,20.256259106131193,9.375729545492323,35.0,73.53631570467122,30.812155382091245,3800.192978705535
NGA,2026Q2,ADM2,mobile,Emuoha,305834.9060349936,19004.002450942993,6.213810809668847,0.33383495075643904,7.0,14.0,8.0,53.576831815394364,46.43305951165049,26.788,5.371603889261434,63.846,11.885835462967927,28.97402487573194,35.01578489979901,86.97009449066542,74.38620599208885,392.9061064434561
NGA,2026Q2,ADM2,mobile,Emure,97327.3006153461,39579.1005859375,40.66597998269856,0.8610053517934981,6.0,12.0,7.0,2.4905729805228805,11.871481564484235,4.186999999999999,0.9307005347911681,53.24362847386065,57.208120639801216,5.096619197721077,35.77634493572794,13.033039626762063,13.033039626762063,379.8689768502489
NGA,2026Q2,ADM2,mobile,Enugu East,446521.41354706953,321670.52463150024,72.03921578502118,11.083346621482942,111.0,742.0,218.0,25.9037262508942,47.60824343346637,21.517,5.490882739658851,104.85749407583117,19.096655136792446,10.45517438051975,36.66495186865077,77.81745604500884,50.82138101032482,1207.7517221900032
NGA,2026Q2,ADM2,mobile,Enugu North,324318.03684711456,288493.4123535156,88.95385996971643,51.167241000753194,82.0,773.0,277.0,36.054171899173845,66.77697813000582,44.0975,9.289907003019914,174.85633724005731,18.82218381553399,16.230282645810657,35.405676724477395,88.56986842832917,69.23552656738524,5481.133269297519
NGA,2026Q2,ADM2,mobile,Enugu South,281965.1804468632,210995.4884338379,74.8303347595787,32.950470173221206,81.0,462.0,167.0,15.842118285667334,29.516139231148944,15.189,4.335715294183994,55.804247313962385,12.870828347243926,13.021505415281233,39.0,67.3928475506674,29.125876608376345,3106.236756351266
NGA,2026Q2,ADM2,mobile,Epe,302261.1552685594,128295.25968265533,42.44516949876171,1.5432994503118072,55.0,232.0,89.0,17.058169017770158,24.235753950172224,19.709,4.271621607621789,53.418111901664815,12.505347338432715,7.600419060246066,30.0,68.66537549873375,40.40919603547597,229.8617546728651
NGA,2026Q2,ADM2,mobile,Esan Central,184205.2193033165,33407.323303222656,18.135926565801267,1.6195183616009854,11.0,28.0,14.0,30.159193620163,33.33432738667472,19.985,14.42312976276185,56.456,3.9142683265431137,10.768844812298632,26.539429191475914,91.57799126122484,73.7961028771247,735.4001781938858
NGA,2026Q2,ADM2,mobile,Esan North-East,327872.4932618478,197048.02075195312,60.09897896332074,6.729457514964516,63.0,181.0,94.0,9.983587132070234,14.658377714826981,9.896,3.6022411966531105,31.124485556159346,8.640311366456393,2.841130553749144,38.0,50.32568893006171,17.22401050676496,949.5722324075526
NGA,2026Q2,ADM2,mobile,Esan South-East,208784.51220484404,11953.580688476562,5.72531964284237,0.14217398056788005,5.0,7.0,5.0,11.215340231722715,9.215389724766723,12.42,0.333,17.267881628688556,51.85550038645212,2.298762101896344,47.0,62.06123391966685,0.0,160.91120472638383
NGA,2026Q2,ADM2,mobile,Esan West,377913.9640959634,207342.57664060593,54.86502123217537,4.196813233080382,58.0,262.0,109.0,11.001342132849286,25.50742773204992,10.861,1.4198483482424575,79.15465736425018,55.74867024512219,4.050852756011948,36.0,59.61033399904076,25.48153993145734,741.5418292216921
NGA,2026Q2,ADM2,mobile,Esit Eket,78571.82348905748,1405.478515625,1.7887818472492722,0.250738696538799,1.0,1.0,1.0,7.209,7.208999999999999,7.209,7.209,7.209,1.0,0.874,74.0,0.0,0.0,530.3197226672162
NGA,2026Q2,ADM2,mobile,Essien Udim,348968.7023779174,22979.197204589844,6.584887712854091,1.4932858586388995,12.0,31.0,13.0,28.632298599984072,28.059500932626126,23.073500000000003,11.187615914818283,46.1788333475024,4.127674180013398,10.645636244792236,52.15962479025661,93.08627976390214,61.44349330777261,1170.6258775269375
NGA,2026Q2,ADM2,mobile,Etche,631541.514942859,152248.7147216797,24.10747529961747,1.1428249047583845,25.0,140.0,42.0,9.634520095836876,12.168406056820826,7.845,2.9477844386157983,22.37109931325403,7.5891232140973335,8.344086481691496,46.0,47.952644329039394,5.289703251075878,777.8216156612033
NGA,2026Q2,ADM2,mobile,Ethiope East,366841.5978344813,143872.04168701172,39.219118697636546,4.048173814998643,50.0,323.0,95.0,19.559673087339227,33.92398070068261,20.302,3.934900477962848,93.23607989831453,23.694647531869506,7.465671901137185,38.0,75.54217157669582,37.02061632653599,802.3722528031823
NGA,2026Q2,ADM2,mobile,Ethiope West,338560.25180426985,95446.09178161621,28.19175944989431,1.6307349058742058,24.0,112.0,36.0,15.228844173827314,34.53419274168767,12.645,2.3229366081752065,94.85691033888843,40.83491129506272,13.974094397448942,39.450439171715246,68.63706372745388,40.329597599089375,621.8999705709659
NGA,2026Q2,ADM2,mobile,Eti Osa,747759.7699574232,697707.2668762207,93.30633913562207,69.30401359940734,334.0,3610.0,1448.0,56.38314601421251,87.29084112643139,46.826499999999996,9.350717928396802,216.64205468854576,23.168494264021653,14.861985418677737,26.0,89.65369267420611,70.86015650844534,4202.506130992211
NGA,2026Q2,ADM2,mobile,Etim Ekpo,175694.61634916876,1755.012451171875,0.9988993901122334,0.18671888926975586,1.0,2.0,1.0,213.768,213.768,213.768,213.768,213.768,1.0,49.47,42.0,100.0,100.0,883.9362611674453
NGA,2026Q2,ADM2,mobile,Etinan,168743.64024651152,8110.082275390625,4.80615581336452,0.39252838191715395,2.0,3.0,2.0,32.22890879745344,32.22890879745345,30.200000000000003,9.953,50.447,5.068522053652166,10.591492888309928,32.84864882780425,55.010393632275026,55.010393632275026,892.0293529732826
NGA,2026Q2,ADM2,mobile,Etsako East,261890.25072582942,37018.15966796875,14.134989586428986,0.1945802663970842,6.0,31.0,8.0,9.8070129629361,15.028094988093828,11.705,3.357,36.819,10.967828418230564,3.80693208056109,41.169156889108976,43.11920269917144,20.57170631427452,230.83345133355334
NGA,2026Q2,ADM2,mobile,Etsako West,508079.9328810649,164423.3325996399,32.36170569998271,1.7267695508269603,42.0,124.0,58.0,15.124912877532973,64.67334028021408,12.381,3.9518930421524674,289.9774929599657,73.37685758874294,14.238544040270833,35.00690959446005,74.8989530258361,30.856826774217684,567.2575851850105
NGA,2026Q2,ADM2,mobile,Etung,67186.06952083569,2195.8363647460938,3.2682911508391226,0.07633744792921854,2.0,4.0,2.0,17.909530726028095,17.909530726028095,16.466,11.568,21.364,1.8468188105117567,1.7717128871021466,33.5894368011548,100.0,0.0,69.30524299208238
NGA,2026Q2,ADM2,mobile,Ewekoro,218512.57484243094,66699.05132484436,30.52412492642171,2.9383072462370294,50.0,200.0,66.0,14.7307456933791,48.79979349629728,14.4225,1.5494949303859051,184.7568794023886,119.236840198228,7.316209823635746,35.36017692313518,80.54722954953051,32.14088537743576,348.58524039583426
NGA,2026Q2,ADM2,mobile,Ezeagu,263558.49144094577,6394.397277832031,2.4261776742127057,0.2199090224477765,4.0,16.0,4.0,14.176424066410448,23.47497807399112,37.8995,11.645,33.4481107758985,2.872315223348948,6.4712022206647095,24.0,100.0,10.508365373806736,392.28885571937457
NGA,2026Q2,ADM2,mobile,Ezinihitte,217202.82946276845,12745.504638671875,5.86801961567293,1.642049122977386,5.0,15.0,5.0,10.698364189796052,22.354111927943652,5.787,1.8825816771615458,73.89144520007095,39.2500607524665,8.07158971847322,39.70045672330857,42.89125797972543,18.92044236568013,1925.2568245777015
NGA,2026Q2,ADM2,mobile,Ezza North,211557.99518585205,16235.047180175781,7.674040948399714,0.6798973909566639,7.0,26.0,12.0,8.645762883051082,10.568919744455592,9.001,5.178447664066063,19.21975843663919,3.7114903313608147,8.220937519904618,42.802883108952784,35.67391673164683,0.0,556.3015375887304
NGA,2026Q2,ADM2,mobile,Ezza South,205548.01079170458,6593.608154296875,3.207819004864326,0.25097389974315204,2.0,43.0,4.0,9.320958849307296,9.320958849307296,11.870999999999999,7.263,16.479,2.268897149938042,5.747090969336981,49.485507408168104,22.330282653073958,0.0,697.8647935891887
NGA,2026Q2,ADM2,mobile,Fagge,381911.3342247009,281864.6854248047,73.8036973940572,46.649301815747556,46.0,672.0,212.0,28.536040699362697,43.52540640367878,32.128,8.960521543755064,89.04886306820919,9.937910715729577,23.400671327325366,52.0,89.29674948313048,59.583858167174164,10828.022378562428
NGA,2026Q2,ADM2,mobile,Fakai,185243.5756419417,757.863037109375,0.4091170419719454,0.018775480554159778,1.0,1.0,1.0,32.73,32.73,32.73,32.73,32.73,1.0,10.45,542.0,100.0,100.0,96.8703700377765
NGA,2026Q2,ADM2,mobile,Fika,261680.2001626897,1501.18115234375,0.5736701330136739,0.012623624760839428,1.0,1.0,1.0,5.219,5.219,5.219,5.219,5.219,1.0,2.273,1446.0,0.0,0.0,91.74937238209668
NGA,2026Q2,ADM2,mobile,Funakaye,410640.14996398817,15358.63916015625,3.740169869289,0.14141531498545484,5.0,14.0,6.0,18.004518449253172,14.923300276264717,14.919,3.01476551971322,19.172,6.359366880985072,14.978496455553174,55.074342464112775,74.74975885533004,0.0,322.1655160047884
NGA,2026Q2,ADM2,mobile,Fune,459068.1183681478,3903.4931640625,0.8503080496938603,0.006366032273129817,1.0,2.0,1.0,86.422,86.422,86.422,86.422,86.422,1.0,36.011,53.0,100.0,100.0,81.49955044086899
NGA,2026Q2,ADM2,mobile,Funtua,289963.97105652204,97197.61254882812,33.52058264158674,2.149879281105326,23.0,125.0,37.0,6.996469984636647,9.764183718311049,8.291,2.9182436968471994,20.42848053468756,7.000265453073024,4.224731186374169,52.0,35.39695089085016,7.165876482551775,754.9800667269883
NGA,2026Q2,ADM2,mobile,Gagarawa,113571.72520908818,13389.035919189453,11.789057438847502,0.4386751278284688,7.0,41.0,10.0,28.77576106385827,43.26113698336963,23.21,5.857484100958141,125.22948545038295,21.37939826928399,25.7684539450126,58.594875207832104,87.22046441256387,81.84583711936772,199.60384086670692
NGA,2026Q2,ADM2,mobile,Ganjuwa,549914.2172986667,332.46734619140625,0.06045803795082429,0.0066473010409584515,1.0,1.0,1.0,3.285,3.2849999999999997,3.285,3.285,3.285,1.0,8.67,71.0,0.0,0.0,101.09583331508935
NGA,2026Q2,ADM2,mobile,Garki,228552.61211023937,9883.64783859253,4.32445192699232,0.308920960376628,12.0,19.0,12.0,17.71920955532901,17.290389528980587,14.747,4.829812364868504,20.08732375619795,4.159027771412161,27.08741534620715,48.19091974517095,80.48762915647931,6.618305543109567,164.91436845512897
NGA,2026Q2,ADM2,mobile,Garun Malam,160705.30484580994,3273.589599609375,2.0370140256105724,0.18099585200135232,1.0,3.0,1.0,10.1,10.099999999999998,10.1,10.1,10.1,1.0,33.015,35.0,100.0,0.0,810.8799639760414
NGA,2026Q2,ADM2,mobile,Gaya,291363.7111141688,8887.2265625,3.050217382430856,0.12214744701024594,2.0,7.0,4.0,32.233,32.233,32.233,3.771,60.695,16.09520021214532,7.6635,59.0,50.0,50.0,496.8798493663558
NGA,2026Q2,ADM2,mobile,Gbako,102194.88941687225,152.50450134277344,0.14922908788587147,0.023721040411120237,1.0,1.0,1.0,26.229,26.229,26.229,26.229,26.229,1.0,3.721,47.0,100.0,100.0,66.5030264501962
NGA,2026Q2,ADM2,mobile,Gboko,753549.5814038994,71548.37857055664,9.494846833735684,0.47803504546613734,21.0,45.0,22.0,14.34128438672822,29.539870592710425,12.81,6.0451247605108485,67.86386257806147,11.22621372868516,13.918517647025459,41.12276424868128,69.62128634494903,42.720209242436106,466.3422627341392
NGA,2026Q2,ADM2,mobile,Gbonyin,161991.54677329405,21669.8310546875,13.377136947160746,0.3201864529703367,4.0,6.0,5.0,36.931053632409366,52.46677099561526,38.196,2.934,110.541,37.67586912065439,16.618614141428974,24.747423886454754,59.44328653563081,59.44328653563081,352.9588584581639
NGA,2026Q2,ADM2,mobile,Geidam,302563.59311838856,24353.36279296875,8.049006340111664,0.04524906544941153,5.0,20.0,6.0,24.41951666904977,19.876283402682752,26.281,1.488,29.663342847740996,19.93504223638508,21.314061380845672,71.26247764780445,74.93197637558356,57.56975538001111,77.06118232341454
NGA,2026Q2,ADM2,mobile,Gezawa,493220.2627355316,59728.94610595703,12.109994381553651,1.0396395723436311,11.0,15.0,13.0,29.50229509231435,27.25915638041017,17.917,1.8980228282306897,48.5468820787318,25.5776070533285,9.067949478771975,51.54151808257693,66.84906490929147,64.02454439674982,1303.2549466124115
NGA,2026Q2,ADM2,mobile,Girei,206403.44922688996,33838.476959228516,16.39433695801828,0.3496570452563481,10.0,25.0,14.0,21.77221330164133,24.877045114230476,27.319499999999998,1.455,67.03683609564082,46.073426869856235,8.604384925010365,65.92508197970385,53.17640153180392,53.17640153180392,198.21162569661652
NGA,2026Q2,ADM2,mobile,Giwa,389888.3930263906,20565.19464111328,5.274636282830116,0.1406397440446274,9.0,34.0,12.0,7.11508802693065,15.254705190256209,10.886,2.056656843314963,47.4045773238915,23.049337315545458,4.9222191719334925,43.237758855825504,30.417904575687714,12.566660318061412,169.3404639723041
NGA,2026Q2,ADM2,mobile,Gokana,175624.1264745304,8663.360107421875,4.932898617820749,0.5626906161297822,2.0,5.0,2.0,13.508174478696326,13.508174478696326,12.8415,11.014,14.669,1.3318503722534958,1.1764284645145517,59.879966091705526,100.0,0.0,1330.180338564082
NGA,2026Q2,ADM2,mobile,Gombe,309643.3083753586,207688.7255859375,67.07353912333582,22.88111935819123,35.0,198.0,47.0,19.50138877500013,29.338429020326277,19.21,6.838330131130148,53.62388531905478,7.841663723566464,13.997629479771131,56.0,79.49586365870655,32.95705686327758,5591.987893275518
NGA,2026Q2,ADM2,mobile,Gombi,453850.44417265593,13795.274169921875,3.0396079472985624,0.03134208624387159,2.0,8.0,2.0,17.60521762046888,17.60521762046888,19.469,17.11,21.37961762046888,1.2495393115411386,22.31942175664387,84.94467117088172,100.0,0.0,196.32174106962765
NGA,2026Q2,ADM2,mobile,Gubio,306193.7160124734,6011.59228515625,1.9633297389131774,0.01291962063665305,1.0,2.0,1.0,0.679,0.679,0.679,0.679,0.679,1.0,2.108,111.0,0.0,0.0,110.98686272267967
NGA,2026Q2,ADM2,mobile,Guma,231283.88374069546,1509.0348663330078,0.652460016636899,0.05008115010560137,4.0,7.0,4.0,64.7042719690915,59.2836014342081,60.789,14.998,79.019,5.2686358181090815,14.39383503771865,37.0,100.0,78.30527791543346,78.91783506767612
NGA,2026Q2,ADM2,mobile,Gumel,220106.75528767708,99774.7514038086,45.33016320803244,1.3473322663726988,9.0,30.0,14.0,18.92277708687464,21.029468869877086,19.517,9.390242267356845,43.20768835947845,4.601339042090605,14.726826797309736,59.471923329698384,96.64681351061827,13.624156972323071,925.3874901030656
NGA,2026Q2,ADM2,mobile,Gurara,134226.5630311542,8868.508056640625,6.607118484127639,0.12286729335334393,3.0,7.0,4.0,11.301603068922105,10.965650590857765,11.296,6.7010080548186455,11.312,1.688104223642236,30.841446992667073,95.4495384464362,94.39481603634525,0.0,150.93708151662184
NGA,2026Q2,ADM2,mobile,Guri,174735.59778432967,23769.38374519348,13.603057445988332,0.5103917374375484,15.0,37.0,17.0,42.67113221783636,39.75598418938677,17.545,12.35854774627645,59.180762694889715,4.788650245148787,33.0549998398901,53.88855772616397,92.24425458125785,80.1755651844218,167.142675959033
NGA,2026Q2,ADM2,mobile,Gusau,991636.4218876908,212872.67431640625,21.4668067466884,0.49293832520031056,28.0,68.0,36.0,26.14460039083538,38.0458858521501,24.778,5.685729338857572,80.96706743984087,14.240401294956737,4.053632447282106,56.33813994359148,83.17023417452663,55.03188476089355,488.58536656114177
NGA,2026Q2,ADM2,mobile,Gwadabawa,291104.4402566508,1120.19970703125,0.38481024406348163,0.035130146207202506,1.0,2.0,1.0,21.361,21.361,21.361,21.361,21.361,1.0,4.544,51.0,100.0,0.0,288.8397077168304
NGA,2026Q2,ADM2,mobile,Gwagwalada,498179.2324673696,253620.72422790527,50.9095336976973,2.6750086588019957,76.0,380.0,112.0,28.134684226705605,39.291198569713124,24.9025,3.6948519392310786,69.86280816615802,18.90814823305123,13.634528062764055,36.0,79.07886283407713,52.09974295550007,480.6539502651972
NGA,2026Q2,ADM2,mobile,Gwale,665358.3239746094,591604.4365234375,88.91516273357897,59.49026505287195,60.0,524.0,109.0,23.716376131497682,46.73997121093823,23.641,8.306475622323585,101.29265445790416,12.1944202407193,18.601175546283965,46.35013170661216,84.35861551095128,45.314456765503735,18436.290941512896
NGA,2026Q2,ADM2,mobile,Gwandu,182526.86380952862,8422.90560913086,4.61461147873574,0.07053871282008775,2.0,5.0,2.0,4.33046342610375,4.33046342610375,20.022,3.355,30.99766342610376,9.239243942206784,1.59835508242379,853.5943931910203,2.9263317516762153,2.9263317516762153,180.63209806724245
NGA,2026Q2,ADM2,mobile,Gwaram,374147.7207545527,54435.411056518555,14.549176177456689,0.8177432345593629,43.0,92.0,53.0,14.143796099081934,19.776465724951677,12.563,2.9509148200280726,45.0534631610003,15.267625773275183,18.587600465642232,54.0,58.144193982984845,41.193201087342935,197.7741015166753
NGA,2026Q2,ADM2,mobile,Gwarzo,324165.11641693115,22012.3193359375,6.7904651738115875,0.15815605706945027,2.0,4.0,3.0,38.72514298877825,38.72514298877826,42.446000000000005,7.614,77.278,10.149461518255846,25.332501419548667,41.64093770289764,44.65885247585303,44.65885247585303,716.0837132584256
NGA,2026Q2,ADM2,mobile,Gwer East,286024.5357382914,12060.121444702148,4.216463952497067,0.09715070689127153,6.0,6.0,6.0,8.465699158529464,10.488695352631739,14.587,1.51,28.976009496369592,19.18941026249642,7.092740615717187,41.40740942098162,48.1846590795544,6.086223671561472,125.9326625827777
NGA,2026Q2,ADM2,mobile,Gwer West,82483.46072682156,7402.3017578125,8.9742861084943,0.05945525621733827,2.0,2.0,2.0,15.376259228911193,15.376259228911193,14.038,9.171,18.905,2.061389161487297,12.977707730663907,33.53761921076861,63.748296989019856,0.0,66.73737500763735
NGA,2026Q2,ADM2,mobile,Gwiwa,190622.1254030249,9521.592498779297,4.995009093854224,0.48419306289701874,6.0,14.0,8.0,13.768155454024486,17.455899936192615,6.76,4.454023051295662,33.727,7.572255377122243,1.9643855364141625,46.41701684466441,42.55583186619777,35.62927731948228,432.4662863873365
NGA,2026Q2,ADM2,mobile,Gwoza,319788.36211157206,16165.327880859375,5.055008185450913,0.020071146223552765,2.0,2.0,2.0,0.9122051429697919,0.9122051429697919,0.7875000000000001,0.539,1.036,1.922077922077922,1.147292960587622,554.9890187426876,0.0,0.0,89.1658056791922
NGA,2026Q2,ADM2,mobile,Hadejia,201252.76847076416,161871.34619140625,80.431860600676,19.758251970220087,15.0,37.0,23.0,5.012866434370829,8.661490622254668,5.162,2.783834653143723,18.543804194989207,6.661244831494607,9.515849146808556,299.0812373100695,30.13856463807486,4.042400833894499,7435.099599623287
NGA,2026Q2,ADM2,mobile,Hawul,192163.00557518902,0.0,0.0,0.01935907150242139,1.0,1.0,1.0,,,0.676,,,,,,,,102.9414675143471
NGA,2026Q2,ADM2,mobile,Hong,150350.35231266054,6081.239562988281,4.044712546028533,0.06995304164821015,5.0,8.0,5.0,18.379786647170313,16.91796498004022,9.245,1.0888588655555291,29.83,27.395653324437887,8.754665729346414,87.26935414494464,53.803028105519935,40.976863168129675,58.10295653587201
NGA,2026Q2,ADM2,mobile,Ibadan North,419122.72497558594,404971.1005859375,96.62351298406146,86.89874675009595,92.0,1060.0,377.0,32.02375399684061,40.73866675938785,32.005,6.963427078636042,105.90560792099636,15.208834202618027,13.831092713844773,29.0,83.43548312248674,60.331187109433,10766.81419274221
NGA,2026Q2,ADM2,mobile,Ibadan North East,279969.0361328125,189726.447265625,67.76693947527184,53.94456666727645,27.0,141.0,65.0,11.793720653862836,19.275655998316747,19.399,5.716793703143356,48.155404055093804,8.423498652507917,12.214908561470455,23.82293804542623,61.949844382087896,27.630410482378792,15210.402238106348
NGA,2026Q2,ADM2,mobile,Ibadan North West,248738.5411376953,232124.74829101562,93.3207806194044,66.81541313902225,53.0,274.0,142.0,32.53108398580061,44.63171934998401,32.149,9.002656392734599,108.98031047669868,12.10535043463937,19.79903511835997,30.378380228597234,87.35685641175125,68.59760467901901,8527.963691856065
NGA,2026Q2,ADM2,mobile,Ibadan South East,237240.4814453125,140147.181640625,59.0738902512854,50.60637793174193,22.0,147.0,65.0,27.117295443825725,28.420013632267356,26.994500000000002,8.540608446397007,51.680336372359484,6.051130513325624,16.22792419822204,23.0,88.21549671459307,54.311153025234894,14836.85303225987
NGA,2026Q2,ADM2,mobile,Ibadan South West,267320.2609863281,245498.17797851562,91.83672688059788,76.4696268209787,50.0,452.0,194.0,23.96459637188911,31.008017228554856,24.262500000000003,10.804057376207103,56.03150410036837,5.186153881759458,14.858044855353974,31.420574066231076,91.33104033769085,43.90897110616612,11116.282039175427
NGA,2026Q2,ADM2,mobile,Ibarapa Central,115869.34441352179,18599.681640625,16.052288665969566,0.4240546373349372,5.0,8.0,5.0,25.542151182407334,29.870162618317032,12.492,4.685380302658193,53.903,11.504509029804645,12.270104604082267,33.0,69.27894431156784,42.46429736648088,267.31187802278913
NGA,2026Q2,ADM2,mobile,Ibarapa East,146293.99749012373,47809.02264881134,32.680098615829344,0.7803103626741912,16.0,37.0,16.0,14.373706151378292,20.225780020385717,8.853,1.412570864871621,60.69412422246514,42.967135831434,12.241333014588887,33.503634311831256,51.43554067204453,30.81465533209615,194.17604807752204
NGA,2026Q2,ADM2,mobile,Ibarapa North,98369.44586707928,13220.99755859375,13.44014642154078,0.14575579500247002,5.0,5.0,5.0,1.5800319981509978,10.963369995508668,1.454,1.054,31.682,30.05882352941176,11.418697992054033,75.96528158153941,31.704021364866193,31.704021364866193,78.04502352351474
NGA,2026Q2,ADM2,mobile,Ibeju Lekki,277837.2476155777,181041.5537185669,65.16100892600993,13.936237628262505,157.0,687.0,273.0,22.006748557215968,45.65936153934514,18.845,5.546888422607516,114.93969241956431,20.721471870806578,9.920211990009612,24.698515113307504,75.35840400951334,45.41481800210571,668.0074174910778
NGA,2026Q2,ADM2,mobile,Ibeno,100286.71314788422,8815.430811405182,8.790228071794338,0.696030467020714,5.0,18.0,9.0,6.7717063722664195,7.164934200194398,34.583,6.708,20.514191543551377,3.0581680893785594,3.432023700578685,36.0,1.106443316108159,1.106443316108159,375.70991724929763
NGA,2026Q2,ADM2,mobile,Ibesikpo Asutan,360186.14058017766,94445.07458496094,26.22118508858544,4.229729122110129,20.0,59.0,27.0,11.41051005609169,21.170708601868675,11.2025,0.8306129056781472,63.49938823328419,76.44883410695459,10.370180201035513,43.2847443978615,60.107766316667266,24.12557923335627,2052.598840021528
NGA,2026Q2,ADM2,mobile,Ibiono Ibom,248903.27602034246,49609.49133300781,19.931232776925487,1.4403941867500527,13.0,39.0,20.0,5.804924473198345,8.857682145515758,5.515,2.3705948784098263,20.484821721958383,8.641215717001556,6.5514931595428205,36.21342192764794,34.46164875675726,3.9683908779299863,743.3195126150584
NGA,2026Q2,ADM2,mobile,Idah,143977.9454937233,25152.194091796875,17.469477012986953,1.3988944241674233,5.0,17.0,6.0,10.506649998284756,12.514192113403336,9.835,3.998612469047927,28.69611068889698,7.176517082119124,4.32022688598088,50.59850434245888,56.209010095930935,16.821021424970233,1094.0440064086295
NGA,2026Q2,ADM2,mobile,Idanre,233017.4720271508,18373.532287597656,7.8850448971726905,0.09479815783645978,5.0,17.0,5.0,8.904342225384323,8.517301071398226,4.894,2.8445200098292625,11.943,4.198599397694818,1.995764117868374,105.35670334742585,42.32821357671622,0.0,120.01158230321725
NGA,2026Q2,ADM2,mobile,Ideato North,376380.2953929901,24078.46728515625,6.3973772218907445,1.2587093113499888,7.0,13.0,7.0,6.344720388342432,11.137678822568832,6.347,1.965512516096453,29.19,14.851088334950887,10.161867702494218,31.675328181084407,25.720189452079328,25.720189452079328,1829.2628004574515
NGA,2026Q2,ADM2,mobile,Idemili North,592842.6532070637,248291.17434692383,41.88146264506419,16.84388000173477,58.0,324.0,98.0,10.729345970753508,23.209580585094436,13.931000000000001,2.57472535708302,45.24127913637408,17.571302901071057,13.544739769211208,36.25972654130952,55.108650875551405,25.003209336886624,4657.561511806522
NGA,2026Q2,ADM2,mobile,Idemili South,399570.6916515827,154009.88873291016,38.54384016413385,15.288484571570661,43.0,218.0,57.0,17.941674131661646,31.531465516021246,20.503,2.680284555401196,90.5555418504744,33.78579400011491,7.933126915934431,33.0,73.44902741881613,37.623011848140706,3842.1880177682388
NGA,2026Q2,ADM2,mobile,Ido,1066213.3217010063,738875.1487731934,69.29899802737533,10.403408645568197,209.0,778.0,342.0,23.399141023099318,44.57880727226554,20.731,4.8193682257108215,91.59593694866635,19.005797577369513,12.695023826114026,27.0,76.82631732588206,47.01237730822664,1443.4102217256975
NGA,2026Q2,ADM2,mobile,Ido-Osi,256042.22525054408,50245.30905151367,19.62383704576357,1.4473151500726213,9.0,45.0,14.0,20.580627220153094,38.1424657728059,21.372,5.5631761133867235,114.9216946894708,20.657569048179806,11.761938066767001,27.432106637281755,77.82247910792131,30.25816892175422,1122.062700831792
NGA,2026Q2,ADM2,mobile,Ifako/Ijaye,645499.7880859375,645499.7880859375,100.0,95.5401650457513,83.0,838.0,324.0,43.2886145663614,67.9124288777022,42.607,7.560173151559903,157.0978772027358,20.779666557018146,15.473783841423044,31.0,84.97046403267272,65.41864306192247,20142.046276372577
NGA,2026Q2,ADM2,mobile,Ife Central,301027.7655519545,168827.53268432617,56.0837078848091,14.885378979846664,58.0,567.0,144.0,21.107471948744635,48.82026524608736,18.519,6.041335971862612,156.25194126087752,25.86380595097135,21.11592235193144,28.0,75.1062666604272,48.38902653518025,2101.984206100849
NGA,2026Q2,ADM2,mobile,Ife East,428666.06254071643,177407.37469482422,41.38591556404663,4.597568714321541,34.0,228.0,77.0,17.242513265497962,73.69647320108842,17.162,3.205873475681787,359.1850916232558,112.03969662179779,23.540441425776358,30.55246713084901,73.33965445808954,30.106008541340817,1576.8763535595215
NGA,2026Q2,ADM2,mobile,Ife North,144553.38841378447,53519.15423202515,37.023797794920185,1.5266000169624565,18.0,45.0,24.0,10.112580450919616,12.580888788104083,8.068,1.0186474183053114,27.790737601772783,27.281998758714057,2.7372259195831212,38.0,48.77079189045243,14.24892847296928,333.5801659049014
NGA,2026Q2,ADM2,mobile,Ife South,100004.68516865342,2892.615966796875,2.8924804492095624,0.03519567273469025,1.0,1.0,1.0,51.241,51.241,51.241,51.241,51.241,1.0,2.514,36.0,100.0,100.0,95.62245613926855
NGA,2026Q2,ADM2,mobile,Ifedayo,40635.482824358405,7143.26025390625,17.57887382508057,0.6578428244168008,2.0,4.0,2.0,63.402,63.402,63.402,58.647,68.157,1.1621566320527903,38.801,21.5,100.0,100.0,364.5681003707377
NGA,2026Q2,ADM2,mobile,Ifedore,551722.418667588,311994.2182312012,56.549128270819324,8.724371076107996,91.0,851.0,255.0,19.35381528611756,35.069028245589216,19.368,1.8918910249788508,100.73787415110742,53.24718645051639,13.333244621607413,32.49349566417411,70.14793011591962,34.7582475986932,1437.7807297990978
NGA,2026Q2,ADM2,mobile,Ifelodun (1),252756.04402583002,53590.21206665039,21.2023464258579,0.23254931333207474,21.0,60.0,32.0,18.170490691680165,19.313026747648795,19.668,3.529386567172357,36.81698844026412,10.431554532084261,9.443043239111878,28.613583487219177,71.38454911112085,29.276282937493903,76.48759878094353
NGA,2026Q2,ADM2,mobile,Ifelodun (2),199272.23167729555,45996.97497558594,23.08248098012679,2.1054170790585363,9.0,26.0,11.0,12.75609439107087,11.788359323588224,13.016,0.9355924192695835,21.50707863900538,22.987658082774917,1.9997194620533447,38.99375004002912,55.82826692075663,0.0,1270.77705570081
NGA,2026Q2,ADM2,mobile,Ifo,2244018.0406622146,1266927.389251709,56.45798591163893,13.08547662812767,184.0,1251.0,372.0,18.75378495185369,36.48450558358487,20.921,3.0685441706685537,90.915112229356,29.628093054156047,9.989040570907196,30.511961326150885,68.01411461123844,42.81062079168419,4327.0174198958
NGA,2026Q2,ADM2,mobile,Igabi,1209686.527798176,257599.7930908203,21.294755886857182,0.5495274925644666,49.0,214.0,75.0,13.68885568864523,21.605810173359284,13.372,3.1302481330172216,49.53621989545027,15.825013797772861,13.631461765329567,41.56451895890948,67.48363131043668,38.699619452790756,375.48762143835944
NGA,2026Q2,ADM2,mobile,Igalamela-Odolu,242152.08742746504,12147.957275390625,5.0166642808848225,0.0531495829792422,3.0,5.0,3.0,8.754402159566764,6.081405831838249,8.597,0.414,10.705,25.857487922705314,2.251747382778628,224.92423526969705,47.153142086625486,0.0,116.5280931411981
NGA,2026Q2,ADM2,mobile,Igbo-Etiti,280077.6208206442,421.1200714111328,0.15035834358247752,0.20793563255362668,2.0,12.0,3.0,5.615199597840827,5.615199597840825,5.326,0.767,9.885,12.887874837027379,11.539106445145165,171.8937658443703,0.0,0.0,789.5525982311035
NGA,2026Q2,ADM2,mobile,Igbo-Eze North,411384.66872215323,21692.687133789062,5.273090803595351,0.941099290924375,7.0,16.0,8.0,21.88803440247448,21.426757776695307,27.5,3.1580407968603064,41.43229891289415,13.119621175915693,7.978102671629459,53.16160995389376,58.894758561241765,58.894758561241765,1501.3056163351746
NGA,2026Q2,ADM2,mobile,Igbo-Eze-South,353766.9364566803,29984.518798828125,8.475783265432383,2.659801823366383,12.0,26.0,20.0,23.30661294899157,31.970359080228242,20.465,11.793493188060374,75.18532538875024,6.375153161988273,10.790759555126774,38.88019625332351,91.93577309322261,53.39485835391209,2127.694161406623
NGA,2026Q2,ADM2,mobile,Iguegben,115079.23153683534,8697.5634765625,7.557891515619414,0.09844754042047987,1.0,2.0,1.0,22.764,22.764,22.764,22.764,22.764,1.0,6.201,37.0,100.0,0.0,307.0454047017507
NGA,2026Q2,ADM2,mobile,Ihiala,606233.0573735246,59742.46496582031,9.854702616292759,2.1212510578687755,17.0,32.0,20.0,21.745852767437835,34.875594455928116,21.504,5.329231326971078,91.68436910577805,17.20405129380784,16.789438968402692,34.932198653004946,84.46674027974727,34.75899459962995,2044.2742802614177
NGA,2026Q2,ADM2,mobile,Ihitte/Uboma,109973.7287719252,5674.913024902344,5.160244258582484,1.1419786932237905,3.0,26.0,4.0,4.223783034397199,15.27085164051237,5.739,2.701,49.86,18.459829692706403,19.234983546615393,103.15191909034175,25.93317136967366,25.93317136967366,1130.407702084494
NGA,2026Q2,ADM2,mobile,Ijebu East,268883.09723824565,77031.9925079355,28.648878750336916,0.6196551232610901,34.0,71.0,40.0,17.529446845415197,26.96629449018126,18.033,4.800757444752713,52.38423482290604,10.911660383959338,12.608982976758693,22.725361135884196,72.11048760769697,40.54793984908855,132.91001872156377
NGA,2026Q2,ADM2,mobile,Ijebu North,301018.9740462798,139041.75868606567,46.19036362295517,1.54380879894605,45.0,121.0,62.0,4.628023440482166,12.928733024597589,5.957,0.6242049609910573,32.93810426912062,52.7680911360019,5.294943736114109,44.8420813089136,39.264315346496154,16.537486136146303,280.2823206830893
NGA,2026Q2,ADM2,mobile,Ijebu North East,55996.6706353434,8589.716415405273,15.339691302974904,1.5173046018637562,6.0,22.0,10.0,24.27187132864372,26.14383511154509,24.015,17.132,43.69375723807891,2.5504177701423596,12.648271808811028,19.0,100.0,44.183768679735174,384.1922270731374
NGA,2026Q2,ADM2,mobile,Ijebu Ode,347969.6292059429,226970.5450744629,65.22711352493705,10.870785275748492,63.0,633.0,131.0,18.257349449170526,29.66645990465008,18.204,3.1336893942084365,71.06650221926613,22.678221508043677,9.790386748616099,25.0,74.68706771601703,42.230871063031586,1628.701464191218
NGA,2026Q2,ADM2,mobile,Ijero,219064.7817449331,7910.0721435546875,3.6108369773306315,0.20286330327585386,2.0,10.0,7.0,11.08495554488226,11.084955544882261,27.199,7.764,42.18095554488226,5.43288968893383,6.503207058297271,29.477687440226024,8.543749793882839,8.543749793882839,605.4038808412236
NGA,2026Q2,ADM2,mobile,Ijumu,266558.23610590375,10842.04056096077,4.067419082355129,0.16867302170076162,6.0,12.0,6.0,2.780026376510921,8.403036550088332,32.466,2.629,33.49040054810324,12.738836267821696,9.540806626990957,31.0,16.302317851896756,16.302317851896756,204.2688234793876
NGA,2026Q2,ADM2,mobile,Ika,108633.98150634766,1729.298828125,1.5918580946275585,0.33303345709196486,1.0,2.0,1.0,12.099,12.099,12.099,12.099,12.099,1.0,0.824,46.0,100.0,0.0,974.8923901115228
NGA,2026Q2,ADM2,mobile,Ika North East,306062.7703346125,89579.79670715332,29.26843948031231,2.71225303070836,35.0,150.0,54.0,23.797975890375806,32.29609372299965,23.593,6.0405259315669015,82.3378832647532,13.630912969757736,15.65789974026025,31.0,83.00335506275991,45.41525953527212,641.8678121846934
NGA,2026Q2,ADM2,mobile,Ika South,205732.48164155625,70112.27498626709,34.07934149573054,3.119032179449544,35.0,121.0,46.0,18.529729389211557,34.27756842435028,19.92,2.329554553228017,62.228878780948584,26.71278021573664,15.527415874239475,28.0,70.95941006107861,37.79089959137206,496.19751081655386
NGA,2026Q2,ADM2,mobile,Ikara,356869.3961096426,9806.590942382812,2.7479495438073065,0.3463636422592568,10.0,12.0,10.0,9.88434595685521,9.258682550448095,7.3505,1.4043914490719074,13.95894965370805,9.939500602152503,13.907543912453407,34.0,57.17156388576107,0.9670630986691042,343.78411153495176
NGA,2026Q2,ADM2,mobile,Ikeduru,271734.14293718437,13980.806396484375,5.145031185763159,0.8394900167570417,4.0,16.0,5.0,6.210219757220594,7.605818225407215,6.5440000000000005,4.419,15.959653064110984,3.6115983399210196,1.4276228368908581,47.34946338052055,15.380195431826857,0.0,1539.4374072131927
NGA,2026Q2,ADM2,mobile,Ikeja,559280.1714477539,547600.4392089844,97.91164914562671,91.2064530173422,101.0,1642.0,677.0,59.61577526760559,79.07855896662713,58.837,17.083676314378803,140.6483165489096,8.232906896657264,16.57011502853315,29.0,94.3731413070654,85.06777929936528,13687.703067347504
NGA,2026Q2,ADM2,mobile,Ikenne,202807.21504938786,75978.16735839844,37.463246729114715,6.994009267027543,34.0,228.0,73.0,13.771859666987888,30.728452414233168,16.5475,5.484786643813996,78.26838727513322,14.270087855360435,9.544595510374856,24.630219538497585,82.7319388758193,19.892097252427686,1132.0273351920862
NGA,2026Q2,ADM2,mobile,Ikere,311783.17865883716,209168.0810470581,67.0876735386473,4.6237151571989195,37.0,127.0,68.0,19.694404068944436,30.403416391158427,19.628,2.279368002907263,75.32955769134978,33.04844044281979,9.981682087725087,39.934336684644805,80.13321954147578,31.9454048276485,1060.0298073274573
NGA,2026Q2,ADM2,mobile,Ikole,256878.80591526418,91849.47569274902,35.75595711973495,0.8168333214668428,23.0,84.0,47.0,19.164782984174153,54.615021839762825,19.148,3.07703714960939,122.53224099088077,39.821501994681945,10.41903992071221,33.43571198867212,69.75737796090792,34.68487807550773,248.54893147735447
NGA,2026Q2,ADM2,mobile,Ikom,306771.5247645955,82580.53601074219,26.919231201172035,0.3595537193534593,18.0,63.0,24.0,8.791954804533814,7.49899353309444,8.8145,1.5669712841658183,11.555462347936807,7.374393177912249,4.918152307087894,52.64723322443835,37.316268723948134,0.0,165.66558952051037
NGA,2026Q2,ADM2,mobile,Ikorodu,1275107.7609418184,937619.3605880737,73.5325585263108,32.96372323416532,369.0,1922.0,717.0,19.177167637763752,34.46933579360424,18.782,4.0470389243713205,77.34796452526584,19.112236371010766,10.47234628520436,25.0,75.73782696906545,39.857215938828,3087.287938812828
NGA,2026Q2,ADM2,mobile,Ikot Abasi,156161.97849343866,15382.669677734375,9.85045772737869,0.9321732987016461,7.0,14.0,8.0,15.786420036470526,18.371789876120136,13.779,3.492113395122331,37.87124852555195,10.844793464739507,11.97277931085014,34.0,67.22187063221051,44.125537843442714,559.7141867106028
NGA,2026Q2,ADM2,mobile,Ikot Ekpene,436013.77257134026,176463.09106445312,40.47190757846539,8.296513570521302,36.0,147.0,53.0,13.611506713463044,21.4838324087226,19.344,3.625292046937517,49.95645145963582,13.779979878265745,11.08883127432758,59.71328472908265,59.29202454451789,36.10527693200022,2709.290688415975
NGA,2026Q2,ADM2,mobile,Ikpoba-Okha,586895.7353095129,335070.7584762573,57.092041791639545,6.678798743323799,146.0,544.0,222.0,22.661497008195763,47.66863574104042,20.5675,4.068294921963039,111.55243084057109,27.419946926252994,13.010870509053465,37.0,76.74061746674055,47.22126574350294,726.6751367061441
NGA,2026Q2,ADM2,mobile,Ikwerre,657443.1059175291,242780.7537727356,36.92802488725017,3.5026991638035425,63.0,418.0,94.0,16.975389851303483,25.27135484534569,15.792,7.226275104500708,56.91406085795876,7.875988671191225,8.99533126151064,33.58919563667029,75.05785253926986,31.17681864294985,984.9972217665598
NGA,2026Q2,ADM2,mobile,Ikwo,354354.1703322321,4087.5228271484375,1.1535133968696054,0.3194768214765916,6.0,14.0,10.0,7.453932254121686,13.261318934572081,12.744499999999999,1.338,36.16119860698659,27.026306881155893,3.083274581027707,48.0577536659819,45.313587847592714,28.782483923317635,510.41758173536755
NGA,2026Q2,ADM2,mobile,Ikwuano,163877.92605439032,26904.863891601562,16.417625325983174,1.8554302435880163,13.0,101.0,32.0,21.514988632459325,18.66399669389303,13.05,5.844954462419214,30.41668348744393,5.203921379201735,9.565100561307931,60.134882823087494,74.77067509171597,19.35523636536789,631.2526428246128
NGA,2026Q2,ADM2,mobile,Ila,114138.59699813137,55507.2978515625,48.63148778013387,2.711949072548446,21.0,92.0,37.0,13.368016860780273,15.820924265799185,13.561,0.3288460656599623,34.41769993994019,104.66203958033431,20.971117602451663,29.75791570807988,57.7896708221591,28.27363619733068,402.0127939148118
NGA,2026Q2,ADM2,mobile,Ilaje,430590.01865300944,64869.62744140625,15.065288239688941,0.3273332242091192,12.0,32.0,12.0,2.787812064939253,8.848108097424971,1.6135,0.7428654974736056,23.740078780328446,31.957438945630855,9.288547143958127,205.83601069825744,36.73405896142486,2.6750463521722434,317.86729059781567
NGA,2026Q2,ADM2,mobile,Ile Oluji/Okeigbo,468186.85255902074,172016.4577484131,36.740984247678824,1.3277296813897876,32.0,133.0,49.0,10.870655804901658,12.03195330770052,11.3835,1.9266158539187923,24.663467669637065,12.801445404630538,7.506701849145229,36.0,55.49971882446161,9.05819226018511,527.658905212344
NGA,2026Q2,ADM2,mobile,Ilesha East,171832.71181085706,85860.51741027832,49.96750415298592,7.773959803208766,18.0,34.0,22.0,14.855219585392451,20.507259454520295,15.731000000000002,5.555056166950216,48.670131307977236,8.76141119824134,3.4517267142898382,34.0,70.1190038287967,28.20582483542064,2020.1076775889924
NGA,2026Q2,ADM2,mobile,Ilesha West,352345.5540854335,192668.63488006592,54.681727254986,17.9577166078143,49.0,257.0,78.0,18.667018666869104,40.108200118684195,19.22,5.065990207268841,42.30866386394345,8.351509208059197,10.317182147696602,34.524948128366425,75.3157396909705,35.5921394069541,3515.422425013226
NGA,2026Q2,ADM2,mobile,Illela,265561.05049401085,22141.091796875,8.33747710957121,0.10332460207494798,3.0,12.0,4.0,15.242478126223022,11.86884489507499,14.715,0.717,16.735,23.340306834030685,11.220810522739743,114.05345154859683,73.02275693023056,0.0,259.2045321838661
NGA,2026Q2,ADM2,mobile,Ilorin East,268741.94651423045,137597.37643432617,51.20055808892494,3.534949448086465,50.0,237.0,85.0,17.475550723860366,21.872174291807088,18.6495,4.6590461028956955,47.61730479055179,10.220397853748782,10.247331998883382,26.0,64.67351090432346,29.405659169529997,519.4968778167128
NGA,2026Q2,ADM2,mobile,Ilorin South,598605.8780967325,382954.442753315,63.974387283151756,16.40722961878272,128.0,1076.0,325.0,22.899606166564226,36.468953606695564,23.8945,6.8298814186554,80.23026576750186,11.746948570491698,13.64022989578402,28.0,80.68410469810497,46.263566286146066,2097.6669297403673
NGA,2026Q2,ADM2,mobile,Ilorin West,678514.8597099781,476835.6563720703,70.27637634581609,31.567009256048202,128.0,630.0,236.0,18.60630564720395,32.65809989226754,18.3275,4.3594087472948635,79.17741224756385,18.162419914557375,11.794704601570546,29.7943971375381,72.15404045983111,40.84697539874317,4574.074589949435
NGA,2026Q2,ADM2,mobile,Imeko Afon,138533.0913682759,19773.18145751953,14.273255048466776,0.19351209529715557,10.0,65.0,12.0,36.996571867982176,43.53973885708312,37.907,2.114605946361352,121.0299422846492,57.23522271036267,18.928421584054327,23.93565814214956,65.89559966428966,54.98015063750717,72.91218731365652
NGA,2026Q2,ADM2,mobile,Ini,129108.5896983338,8774.060546875,6.795876685955491,0.08771923309700964,1.0,2.0,1.0,13.537,13.537,13.537,13.537,13.537,1.0,0.991,29.0,100.0,0.0,305.5696114876328
NGA,2026Q2,ADM2,mobile,Ipokia,465733.49691572296,26011.482421875,5.585057247145339,0.2568136428130613,4.0,8.0,4.0,69.76723417042915,51.369041024550526,38.038,1.8234826826145079,73.073,40.073317227903686,25.99139626339435,18.317667092477805,70.0785143790539,70.0785143790539,810.5244248783883
NGA,2026Q2,ADM2,mobile,Irele,223888.48972367446,4275.630859375,1.9097144585914305,0.038465505160184814,1.0,4.0,1.0,5.526,5.526,5.526,5.526,5.526,1.0,1.008,62.0,0.0,0.0,233.2995615355835
NGA,2026Q2,ADM2,mobile,Irepodun (1),205034.06141795957,58736.811668395996,28.64734340342685,0.8242314203324536,17.0,48.0,21.0,6.643048284663585,12.506978424368597,9.005,0.30900481624762327,31.965776822756315,103.44750354033415,5.071654143356457,91.58881749877384,41.07579184367372,22.64487164445163,271.3281325794685
NGA,2026Q2,ADM2,mobile,Irepodun (2),85258.57189691562,28212.378058433533,33.09037136177291,3.8871146319082666,8.0,37.0,8.0,17.82591534671203,20.751597974262364,15.7465,8.184236731665177,42.594268707337065,5.204427743706135,7.390204331842723,36.0,86.46341664571663,39.66017017517156,1128.940343907832
NGA,2026Q2,ADM2,mobile,Irepodun/Ifelodun,303283.410981336,142692.98780822754,47.049387682140264,4.65331092239479,43.0,290.0,106.0,19.450431644686216,28.921109745457787,20.639,4.5644907955909355,85.10196475447061,18.64435017300829,12.145169816364561,36.0,82.87489503601844,37.29821237610654,893.753260908592
NGA,2026Q2,ADM2,mobile,Irewole,158152.33315659055,57193.6280670166,36.16363219275922,1.931289471734422,15.0,34.0,16.0,5.462388095919263,6.180202535630087,6.508,0.5946798766114528,11.576864721968416,19.46738939265035,1.8825043333207567,32.85432772130666,22.725969397347885,3.7361358900596957,553.71200784243
NGA,2026Q2,ADM2,mobile,Ise/Orun,150473.3213455728,26344.981201171875,17.508074498248586,0.2573214166029365,3.0,4.0,4.0,8.275414107953289,8.2189748430815,5.745,2.580856004342433,11.559,4.478746578868152,25.72988834396964,43.90681157355589,50.52197154598063,0.0,351.0795222836194
NGA,2026Q2,ADM2,mobile,Iseyin,356066.9915165117,72058.0512084961,20.237217412823448,0.3358793152772946,21.0,52.0,30.0,11.315188522453239,38.410803344527075,19.94,1.0419360357591068,124.41755805073254,119.40997698585942,18.78707958562556,29.345604563593767,66.44743467031121,38.22436966920603,155.28265896569297
NGA,2026Q2,ADM2,mobile,Ishielu,249527.18625036057,1205.3258056640625,0.483043881420885,0.05094271054471915,1.0,2.0,2.0,53.687,53.687,53.687,53.687,53.687,1.0,9.721,43.0,100.0,100.0,344.050160736274
NGA,2026Q2,ADM2,mobile,Isi-Uzo,207706.48647515936,4653.6123046875,2.240475193462024,0.04466721282121873,1.0,3.0,1.0,28.646,28.646000000000004,28.646,28.646,28.646,1.0,2.149,41.0,100.0,100.0,251.4932008359776
NGA,2026Q2,ADM2,mobile,Isiala Mbano,259718.29962062836,8077.3609619140625,3.1100469137957156,1.4173664429472994,5.0,21.0,6.0,18.32417710161761,18.084762721056485,17.985,6.34539518201054,26.324,4.148520185886868,5.434638858659138,73.23485695291146,85.65923504173124,31.173846520314104,1988.2424277572038
NGA,2026Q2,ADM2,mobile,Isiala-Ngwa North,279920.8683291388,3320.0701904296875,1.1860745539435296,0.26967259168455526,2.0,2.0,2.0,12.514795444483724,12.514795444483726,45.7415,1.726,82.93959544448373,48.0530680443127,4.535550881305125,309.7622862550815,12.255677482345678,12.255677482345678,1018.27110999776
NGA,2026Q2,ADM2,mobile,Isiala-Ngwa South,191472.20707072451,637.7551879882812,0.3330797705552703,0.14815611387196756,1.0,2.0,1.0,20.293,20.293,20.293,20.293,20.293,1.0,3.15,44.0,100.0,0.0,764.9743454460304
NGA,2026Q2,ADM2,mobile,Isin,44826.26199436911,2847.43115234375,6.352149444674715,0.19786091621786586,3.0,8.0,3.0,9.459,20.91624164097162,9.459,5.182,46.827,9.036472404477035,10.807783247673413,21.055891503515774,34.62343731217437,34.62343731217437,80.72948795486553
NGA,2026Q2,ADM2,mobile,Isokan,130308.08449693423,25384.8671875,19.48065408642948,0.41543111284521694,3.0,6.0,3.0,7.339417200137737,7.766386716079925,7.845,6.019,11.342929886433627,1.884520665631106,1.3976513809780058,23.446240087774083,19.15879077809337,0.0,490.598067528826
NGA,2026Q2,ADM2,mobile,Isoko North,271967.5827938241,63655.255447387695,23.405456927432454,1.46873482921142,18.0,39.0,23.0,13.195710972727445,34.1068713478412,16.2185,2.6687156137615693,112.74002975211522,42.24505195336551,11.576062891500762,33.3480530417117,67.27332488402443,32.9538770899384,599.0909021555702
NGA,2026Q2,ADM2,mobile,Isoko South,284130.3852732937,66156.42539978027,23.283826309582146,1.5029553837501803,29.0,110.0,35.0,26.395710887579995,28.513014694361324,24.155,4.564188114218382,57.398564456274684,12.57585424173609,8.910153071493674,33.714645658885935,78.76116993302719,51.04194118503255,397.3773787649644
NGA,2026Q2,ADM2,mobile,Isu,140848.96015882582,3152.3994140625,2.238141772937303,0.5539342469274221,1.0,1.0,1.0,28.978,28.978,28.978,28.978,28.978,1.0,9.536,32.0,100.0,100.0,2107.1608385467857
NGA,2026Q2,ADM2,mobile,Isuikwuato,215125.17879569865,18899.376586914062,8.785292680622259,0.7899829815406061,8.0,72.0,19.0,20.553358156776774,23.033535540997594,21.308500000000002,1.874848153596708,44.90775766018726,23.952743892371352,17.279178464088666,58.50016903111611,77.30797701615346,44.589075911010596,574.0174633010914
NGA,2026Q2,ADM2,mobile,Itesiwaju,139070.2284827159,5720.4554443359375,4.11335733517321,0.042616106376083734,2.0,2.0,2.0,35.388727746961386,35.388727746961386,31.58,24.055,39.105,1.625649553107462,22.26878950439366,101.27629928327173,100.0,75.307161109378,80.88657788726421
NGA,2026Q2,ADM2,mobile,Itu,301175.73794067965,150890.3067626953,50.10041904252429,5.507960181376679,29.0,212.0,55.0,14.45091242382232,18.162409564813128,15.17,4.381450750678011,41.09260092581139,9.378765907491367,10.426357547255321,38.0,66.18067308165325,26.604154212549425,1541.760017737346
NGA,2026Q2,ADM2,mobile,Ivo,107146.15162700696,12122.2958984375,11.313794956105534,0.2553029264414307,2.0,2.0,2.0,3.4261707201775264,3.4261707201775264,3.7875,0.223,7.352,32.96860986547085,11.780896617568786,48.87125406753488,0.0,0.0,369.75162499181397
NGA,2026Q2,ADM2,mobile,Iwo,286334.6456513706,139910.06365966797,48.862429253502484,5.021163300733301,29.0,153.0,62.0,12.45961978250111,19.90349660914978,15.424,1.3711231423070456,46.7507203604407,34.096660553608736,17.26573724589844,30.0,71.6383721085463,33.36576248995345,1349.6889699385579
NGA,2026Q2,ADM2,mobile,Izzi,618227.8578310079,1460.9224243164062,0.23630808702828596,0.0634033576667887,2.0,2.0,2.0,30.69215396077157,30.69215396077157,33.7485,17.506,49.991,2.855649491602879,11.05991546415941,44.494642554174085,100.0,40.59151596358802,530.5662040867104
NGA,2026Q2,ADM2,mobile,Jaba,114275.32267632872,28828.229949951172,25.226995010640845,1.3712008620037368,20.0,49.0,31.0,16.27255162894335,16.461032595616217,15.163,2.5585143306637095,29.28795244004902,11.447249714036728,3.9566541443305714,45.10261065492934,70.20409115444033,25.762787095375145,215.35798302610132
NGA,2026Q2,ADM2,mobile,Jada,302792.5191832378,4213.6893310546875,1.3916094566737736,0.020387978629344793,2.0,15.0,2.0,83.25628930007272,83.25628930007272,88.15100000000001,75.343,100.959,1.3399917709674423,23.63984810068606,115.6845345992732,100.0,100.0,84.50231841468708
NGA,2026Q2,ADM2,mobile,Jahun,303209.0487701697,40196.98760986328,13.25718601502962,0.3265741889032796,11.0,30.0,15.0,4.73555281985713,9.355958925179632,13.807,0.094,27.38788492663909,291.36047794296906,9.284509870251497,61.54843661895792,32.686705407814145,8.98801145533529,251.7560267525657
NGA,2026Q2,ADM2,mobile,Jalingo,344434.02454930596,138213.75552368164,40.12778810239064,4.983498640159294,36.0,147.0,61.0,14.645545796506106,16.91254098749114,10.099499999999999,2.1557161172436348,35.26362422997225,16.358194823473053,14.302320617195521,49.0,62.809968536414914,31.37206927952213,1306.5527863368459
NGA,2026Q2,ADM2,mobile,Jama'Are,152127.75441265196,13647.880859375,8.971328678365051,0.10497885494305767,1.0,9.0,1.0,25.245,25.245,25.245,25.245,25.245,1.0,20.123,52.0,100.0,100.0,445.31667558862773
NGA,2026Q2,ADM2,mobile,Jega,271309.20857373613,76452.77855300903,28.179205178813817,0.5230709858708205,15.0,30.0,15.0,16.575165661201638,29.1084097716116,11.726,4.425174744862003,82.17459861441532,18.56979743225437,16.713199251241488,63.22541104209076,54.76523537910064,38.48994551858812,264.88592519468307
NGA,2026Q2,ADM2,mobile,Jema'A,309132.0152167682,53135.56620180607,17.188632553812514,0.5519940400250843,21.0,52.0,25.0,14.22639568962306,12.495304966652816,13.552,0.6132782088129662,26.17953356677814,42.68785877367153,9.7640185283356,41.4115710349484,54.34426296448803,10.78542883631733,223.43565735578443
NGA,2026Q2,ADM2,mobile,Jere,944372.5555932325,497982.4313659668,52.731565356973555,2.844593994821736,63.0,313.0,110.0,15.35341371199516,28.560011130921904,15.659,3.9546140396204934,50.25332386951753,12.707516679513967,15.91851017484073,52.0,71.64757545219037,34.2069600860037,1190.3205014864332
NGA,2026Q2,ADM2,mobile,Jibia,222002.5070524544,4677.40380859375,2.1069148590689477,0.06664846128985866,2.0,12.0,5.0,49.784,49.784,49.784,40.25,59.318,1.4737391304347827,19.8015,48.5,100.0,100.0,208.58104458541618
NGA,2026Q2,ADM2,mobile,Jos East,103515.27766747444,2513.73095703125,2.4283671103179487,0.03982780678351673,1.0,3.0,1.0,2.54,2.54,2.54,2.54,2.54,1.0,8.688,40.0,0.0,0.0,113.5856142907717
NGA,2026Q2,ADM2,mobile,Jos North,448727.6813217115,270617.91693115234,60.307827708345705,14.179049104174515,101.0,554.0,179.0,16.64713897376199,28.626283606722406,16.876,2.5248621061851226,60.908009299535124,24.12330128854544,14.354461222774905,50.0,65.9811470917598,32.09292178065704,1736.3209842503766
NGA,2026Q2,ADM2,mobile,Jos South,530778.7878058787,251582.28992843628,47.398708408906366,8.447101277715268,130.0,542.0,212.0,25.38017766562844,36.724199378468505,22.6055,4.367966184032319,82.33246058323287,18.84915246922243,14.432810793240627,52.0,77.32326211337283,49.96978503203431,950.1103699116669
NGA,2026Q2,ADM2,mobile,Kabba/Bunu,222281.75521530927,88510.98048496246,39.81927369577763,0.30417983942913207,22.0,105.0,35.0,15.57086384296673,18.92992975817607,14.9575,5.166393310553502,44.12887953716496,8.541525370711122,12.43750760590792,47.44878021368266,69.6494986965247,27.077363331869332,83.74216921830129
NGA,2026Q2,ADM2,mobile,Kabo,285845.145493418,15042.6806640625,5.262527946065426,0.10235022329028427,1.0,4.0,1.0,25.822,25.822,25.822,25.822,25.822,1.0,25.639,80.0,100.0,100.0,816.8747513299467
NGA,2026Q2,ADM2,mobile,Kachia,326385.8658862607,34781.94773864746,10.656695455914232,0.19069616991296953,24.0,98.0,31.0,11.012798443326625,16.440305568481673,11.904,0.8597242133560428,40.13666159225041,46.68550794396246,7.117114015766186,46.97075635644541,52.86146866647991,18.780137061236786,71.42185960579633
NGA,2026Q2,ADM2,mobile,Kaduna North,663287.4560852051,596001.3467407227,89.8556638261166,58.17127407669901,113.0,941.0,291.0,20.824820685417734,43.19009103528903,21.382,4.66953429597268,111.49171196625012,23.876409273277652,15.259351737007584,42.0,72.73288258894225,42.52265907475487,9448.290417996912
NGA,2026Q2,ADM2,mobile,Kaduna South,541008.716796875,466879.236328125,86.29791384736923,56.34198510901147,72.0,624.0,170.0,23.100942461057894,25.041935944538327,21.933500000000002,5.161677441222579,47.138689858627316,9.132436188701902,19.43870461510753,40.0,73.9062955984217,39.52322524504006,11710.295969721756
NGA,2026Q2,ADM2,mobile,Kafin Hausa,529823.8980743012,45922.175327301025,8.667441294024266,0.268677762634389,11.0,20.0,13.0,10.21714010122768,11.871608658085913,7.981,2.240595795671525,27.284261935997236,12.177235174995014,5.938012083510198,693.07405691983,57.06601363547507,7.367504024189748,362.1540419199803
NGA,2026Q2,ADM2,mobile,Kafur,295161.3977878094,3459.4837646484375,1.172065111012738,0.10977390047812687,3.0,4.0,3.0,34.89633068610101,29.33611614964469,32.944,5.319,43.238,8.128971611205113,19.387,270.24079835693647,71.16569421036793,71.16569421036793,301.13973413118936
NGA,2026Q2,ADM2,mobile,Kaga,144729.70809169792,5442.18798828125,3.7602424961937917,0.009812115328302657,1.0,3.0,1.0,5.953,5.953,5.953,5.953,5.953,1.0,33.338,73.0,0.0,0.0,39.63871649871785
NGA,2026Q2,ADM2,mobile,Kagarko,267480.9691891246,36817.156107903174,13.764402087937443,0.6794504944098693,44.0,196.0,52.0,15.50164850153751,19.519378937942495,15.7225,4.312097871978722,52.24422864934078,12.115733501514223,12.374736526574921,71.29772626429667,67.04017570223088,18.233842001685378,113.53574742953484
NGA,2026Q2,ADM2,mobile,Kaiama,357781.79969854606,23398.270385742188,6.539815721609293,0.03242294669092636,7.0,12.0,8.0,10.571221766999468,11.762397169327652,5.129,1.423798463290252,22.286,15.652496174563458,13.617832552037388,22.899614413792754,49.255681505780366,0.0,45.498638686019305
NGA,2026Q2,ADM2,mobile,Kajola,151392.83299496825,14720.344360351562,9.723276900988314,0.23050462504400182,4.0,14.0,7.0,6.239944802210104,11.047081718224842,6.867000000000001,1.1646627976625692,32.707,28.08280651330292,2.8740041008000645,30.0580091754835,22.838718347761244,22.838718347761244,237.95957075180695
NGA,2026Q2,ADM2,mobile,Kajuru,196726.60734684582,2964.1131744384766,1.5067169684945014,0.048693374507933554,3.0,3.0,3.0,32.47579870672104,33.56980568135096,13.51,8.93300323126516,54.04,6.049477269958006,5.044849923354366,36.54589266715462,92.8836749499389,50.58074849543609,88.24979767404213
NGA,2026Q2,ADM2,mobile,Kalgo,113619.88929218755,3468.386474609375,3.0526226492704915,0.11923366141537477,2.0,3.0,3.0,0.2845275940024965,0.2845275940024965,0.31,0.166,0.454,2.7349397590361444,8.194801494434488,267.82768460883887,0.0,0.0,189.81458874947631
NGA,2026Q2,ADM2,mobile,Kanam,201502.78624779143,13891.7138671875,6.894055474798558,0.04026347378886882,3.0,7.0,4.0,4.147616825616887,8.1294330336521,2.35,0.323,17.376,53.795665634674926,14.755582592353406,96.52146497388077,43.25823024980817,0.0,74.29212309490288
NGA,2026Q2,ADM2,mobile,Kankia,202098.64027023467,25246.64697265625,12.492239897753834,0.2461831367127035,5.0,9.0,5.0,2.515956696151359,4.674171177937015,3.635,0.576,15.273369695934743,26.516266833220044,3.273882846083073,303.2784137639495,18.618826490592337,0.0,279.29384792375976
NGA,2026Q2,ADM2,mobile,Kano Municipal,256145.52172851562,215058.888671875,83.95965200586733,60.01478499375732,25.0,130.0,60.0,36.200479211985076,57.8912666030825,35.492,3.8619979569198017,131.30082873396734,33.99816110692311,24.217263094135912,52.777194054682866,79.43618717565295,61.63797804053581,17185.272145672447
NGA,2026Q2,ADM2,mobile,Karasuwa,122893.26541091231,2976.2294006347656,2.4218002432300016,0.053724311873218154,2.0,3.0,2.0,26.32198806696759,26.32198806696759,20.0215,13.28278806696759,28.171,2.1208649763867933,35.32043969528455,54.20589707765956,100.0,88.6556725379937,92.97093300998725
NGA,2026Q2,ADM2,mobile,Karaye,247063.8205846846,25324.571533203125,10.250214488415057,0.5120173585986211,6.0,15.0,6.0,6.818548616907384,8.615864235926452,8.424,6.582,10.814936586415108,1.643107959042101,14.051963087111918,101.29583876453701,10.000726408976737,4.186529678241313,588.4476119142474
NGA,2026Q2,ADM2,mobile,Karu,1045432.1426435782,490588.9337463379,46.92690359661111,2.2033676470881707,146.0,852.0,248.0,15.997996221493853,23.92600593612027,15.3485,3.575457460922437,50.869279940293055,14.22734866692253,14.524416827174294,48.0,67.08426970942872,32.17656144496025,432.50482169842695
NGA,2026Q2,ADM2,mobile,Katagum,378734.0519196857,44069.52355957031,11.636007730542195,0.30841271448221186,12.0,33.0,15.0,26.66510467529589,54.60427618545992,28.049500000000002,1.0069606995892622,198.7962313376188,197.42203585374037,18.008574191736614,52.9161536348584,73.92077451905058,55.60136030178501,271.43104157171103
NGA,2026Q2,ADM2,mobile,Katcha,174291.79938092045,5784.091748975217,3.318625299365861,0.06538235226003576,3.0,4.0,3.0,10.934021116546933,10.934654006368094,15.87,5.626,45.152395370933284,8.025665725370295,10.505797564394584,44.1812916344843,51.815129326051235,0.0014933698360273446,104.28371989955998
NGA,2026Q2,ADM2,mobile,Katsina,614733.1113784313,236463.0567626953,38.46597041640857,10.878819206379005,41.0,195.0,59.0,18.85005125736212,24.62002396040355,16.89,3.789073288012265,56.027503988193885,14.7865981282156,18.088770248834027,50.0790977091732,82.10049601254842,32.76942697319119,4594.051645607684
NGA,2026Q2,ADM2,mobile,Katsina-Ala,506933.1414967184,6354.2392578125,1.2534669244649561,0.015020182092408638,1.0,2.0,1.0,7.11,7.110000000000001,7.11,7.11,7.11,1.0,5.555,52.0,0.0,0.0,206.8499207655635
NGA,2026Q2,ADM2,mobile,Kaugama,163046.04505103533,24368.895629882812,14.946020691428034,0.6875614812030273,16.0,31.0,18.0,18.903833452027367,22.189763495897882,24.874000000000002,11.303501126609417,29.46687383573502,2.606880249374015,17.812340531000757,71.43053609766544,98.14262047036189,37.534439777293386,196.50493045604364
NGA,2026Q2,ADM2,mobile,Kaura,176325.72315295963,1838.756103515625,1.0428178433843907,0.23657757766059895,3.0,4.0,3.0,20.742362175587914,20.726006068595513,18.593,9.522213730983667,22.297,2.341577350595413,8.064989332326828,31.0,99.89586980417488,0.0,382.55184911302916
NGA,2026Q2,ADM2,mobile,Kauru,326943.8870516335,23053.013900756836,7.051061302490762,0.1818024536853611,16.0,45.0,20.0,21.513456644630672,39.49144047467113,9.934000000000001,1.2793766143105425,102.02917181044073,79.7491299037261,20.40186513092385,69.08630888786504,60.3306208519915,37.36978518123017,102.61408351872238
NGA,2026Q2,ADM2,mobile,Kazaure,314725.6586905757,88008.40185546875,27.963529323166725,0.7106588734278749,8.0,29.0,18.0,6.451899289612111,11.728541939230354,10.2705,2.816593281342712,32.912420007729764,11.685187288396827,11.430794663027793,60.0,34.515690410351056,17.098520095906814,785.3300507647652
NGA,2026Q2,ADM2,mobile,Kebbe,115392.9998678814,3152.8798828125,2.732297354624954,0.016240284343083247,1.0,1.0,1.0,25.566,25.566,25.566,25.566,25.566,1.0,10.831,31.0,100.0,100.0,52.43138120094174
NGA,2026Q2,ADM2,mobile,Keffi,238805.54994165985,141505.78643798828,59.25565233829705,6.403181692946124,37.0,215.0,64.0,12.139741231352863,17.44086428546838,12.643,3.699842810541541,39.644531820767334,10.71519355033481,14.113892245893574,65.63573808234685,53.79519777273705,17.282538667118335,1132.0031616466224
NGA,2026Q2,ADM2,mobile,Khana,346288.7944986696,30322.65692138672,8.756464951540098,0.6386424661386998,9.0,15.0,9.0,25.52789163471234,68.91881691102212,22.522,7.977309570765645,202.09864422664464,25.33418597258319,15.295876112517242,33.61159973364708,72.78708305557674,42.988523149311774,661.581575739152
NGA,2026Q2,ADM2,mobile,Kiri Kasama,187757.58275771094,24998.569465637207,13.314279561159587,0.5291015004959118,12.0,30.0,15.0,40.79183735407045,32.00314520431559,27.871000000000002,7.022932191720862,45.312207283713974,6.452035424339034,18.158060508561228,49.34973739976482,70.5197992667032,64.83340137971489,232.4314441142685
NGA,2026Q2,ADM2,mobile,Kiru,481683.35377228336,9382.5712890625,1.947871192887045,0.0383269223953533,1.0,1.0,1.0,50.506,50.506,50.506,50.506,50.506,1.0,16.933,70.0,100.0,100.0,513.9922254251795
NGA,2026Q2,ADM2,mobile,Kiyawa,258593.29292132324,24262.786598205566,9.382604755177272,0.3203282091307694,9.0,15.0,10.0,16.469810108042594,23.341968416829623,18.563,0.259,65.60430712753308,253.2984831178883,8.772328104797358,51.72769220217671,65.7311271216115,36.29870188482087,256.8908183551571
NGA,2026Q2,ADM2,mobile,Koko-Besse,231256.79376632397,5100.96728515625,2.205758889103418,0.02665375480820021,1.0,3.0,1.0,64.763,64.763,64.763,64.763,64.763,1.0,1.887,50.0,100.0,100.0,171.56483429637805
NGA,2026Q2,ADM2,mobile,Kokona,173866.7288571112,7249.859893798828,4.169779889145425,0.15557276853793897,8.0,19.0,11.0,8.276047817407756,7.607635787157873,6.484999999999999,3.8869958220160687,11.056144924170232,2.8443933130948773,20.490109363117476,91.8039906670393,6.601941807088325,0.0,92.6099101002365
NGA,2026Q2,ADM2,mobile,Kolokuma/Opokuma,125224.08485748745,19151.0347584486,15.293411631032185,0.3117066751304184,3.0,4.0,3.0,16.231943217979143,15.716511334665876,19.435,7.16,27.294,3.8120111731843576,14.34740980778119,88.3075574720637,42.50006764573355,42.494312649854734,350.75924732437375
NGA,2026Q2,ADM2,mobile,Konduga,386083.4936912044,113554.42553710938,29.41188302339907,0.11444494158241633,17.0,40.0,22.0,6.146452286916922,117.8760233903116,4.125,0.5083930239173262,559.3411616831166,1100.2140772373689,7.268994955157485,59.57508054237917,44.15528261477325,29.252752558224916,72.56090436213098
NGA,2026Q2,ADM2,mobile,Konshisha,442551.91179394576,3419.1661376953125,0.7726022748009937,0.060444082197742874,3.0,7.0,3.0,17.60384438941032,20.897837427666857,36.12,6.79,63.389399240704876,9.335699446348288,8.861699725966567,49.764286611462516,29.549958730529006,29.549958730529006,241.96533625330264
NGA,2026Q2,ADM2,mobile,Kontagora,274018.6159304418,41789.64099121094,15.250657642114,0.15906024376278727,8.0,13.0,9.0,17.482359649312897,24.954181177586932,15.869,1.8698117608766593,81.3792547893393,43.52269917865139,4.501246331688039,64.52538560621696,71.27245466394812,16.81799021880361,150.60820856125702
NGA,2026Q2,ADM2,mobile,Kosofe,746922.29774189,720660.7449951172,96.48403149481985,70.54599042612202,117.0,1209.0,466.0,47.00374175938254,71.86877367050695,47.688,11.040129893534022,149.15330450309415,13.510104132964068,13.83409953640257,23.0,92.64232890282386,72.17223074623267,12205.108806061582
NGA,2026Q2,ADM2,mobile,Kubau,442631.8324791545,35578.40531921387,8.03792287598055,0.2288343668976591,15.0,30.0,17.0,9.55676882455479,17.603558444276516,10.896,3.040281736064448,39.8176360456482,13.096692840444096,1.2059081242985963,48.15652232814349,41.979117446773465,32.59418156977911,187.30858910018117
NGA,2026Q2,ADM2,mobile,Kudan,150902.74123954785,7115.17268371582,4.715071857058559,0.41652773374673563,4.0,4.0,4.0,21.54612667879133,28.017091216924385,9.9075,5.135575812367666,46.849,9.122443463336023,32.00232863065305,51.01768993908072,68.36012892840006,50.146769584482385,436.9201962281857
NGA,2026Q2,ADM2,mobile,Kuje,322688.3836373009,159345.0230102539,49.38046458758069,1.2376613431887347,64.0,246.0,98.0,24.435595579080847,54.95930651728643,21.5205,9.813666310409639,164.1469435034745,16.726362840497142,15.328622553336087,38.0,85.36621361886824,46.8320055000296,170.9559443485453
NGA,2026Q2,ADM2,mobile,Kukawa,220340.27350543317,24414.744140625,11.080472830593532,0.029325909178220578,4.0,12.0,6.0,10.510784209000583,17.275905287644367,10.318,0.438,39.224,89.5525114155251,7.627329796929887,56.94949021918073,48.46417088034902,33.507288476505735,45.50971508091635
NGA,2026Q2,ADM2,mobile,Kumbotso,1146877.2023468018,520573.8621826172,45.3905493210076,13.803449244389203,72.0,394.0,142.0,26.496270897414362,35.27428423097659,20.651,10.40229333935473,81.98731395606858,7.881657561596352,24.278244038555275,48.56021293846561,90.52991427459673,54.0825321832352,6142.769485680422
NGA,2026Q2,ADM2,mobile,Kunchi,150914.32149294214,589.9801635742188,0.39093716072653223,0.07088239450150782,1.0,1.0,1.0,5.718,5.718,5.718,5.718,5.718,1.0,1.209,39.0,0.0,0.0,299.7979007675837
NGA,2026Q2,ADM2,mobile,Kurfi,194232.33912313168,11685.27587890625,6.016133014543208,0.24290348280341384,4.0,5.0,5.0,14.514202662991783,20.554387653837868,27.2695,10.693,43.03387362023096,4.024490191735805,32.296568333231534,46.786093944248464,100.0,29.309059691130223,331.3712824671002
NGA,2026Q2,ADM2,mobile,Kurmi,120459.71330131282,9715.221618652344,8.065120987255797,0.024607894815248034,3.0,3.0,3.0,12.899921692807606,12.094041126328072,12.0,3.128909745935374,15.016,4.799115736561788,11.775871715509798,55.12303186343013,90.5412209696734,0.0,26.846472872460108
NGA,2026Q2,ADM2,mobile,Kwali,196570.76263268688,21414.519775390625,10.894051327157898,0.1765171530869528,6.0,9.0,7.0,10.671192381126215,10.578733754521078,2.791,1.2102826304988548,19.076,15.76160767682607,11.000982886305497,69.92495061790943,53.86512689959546,0.0,158.39752148316913
NGA,2026Q2,ADM2,mobile,Kwami,230549.86671837352,9689.7431640625,4.202883871496197,0.019560284460908864,1.0,14.0,2.0,10.162,10.162,10.162,10.162,10.162,1.0,10.13,112.0,100.0,0.0,124.59409079301872
NGA,2026Q2,ADM2,mobile,Kwande,493382.0212152552,5468.6376953125,1.1083982512866262,0.028684198177133444,2.0,3.0,2.0,1.1835882134186684,1.1835882134186684,2.5795,0.897,3.875588213418668,4.320611163231514,6.11468856146153,33.72535596713147,0.0,0.0,191.99536999420076
NGA,2026Q2,ADM2,mobile,Lafia,623681.6313772195,125708.53959274292,20.15588294866921,0.6959593854420322,52.0,177.0,74.0,13.79430342862252,22.036579180862045,11.4525,2.3927352237352535,55.09662299592843,23.0266276223903,10.885699826745123,49.0,59.47419714341261,24.355903417148024,228.23059845161526
NGA,2026Q2,ADM2,mobile,Lagelu,725858.7201573849,487865.2512817383,67.21214993131949,12.859013066986583,138.0,688.0,288.0,23.871579597251596,55.48977543259264,20.2035,4.043410012411689,111.87049519850481,27.667363649767424,10.915456079343917,25.0,73.67311131047344,48.652778507140276,1839.7289777541507
NGA,2026Q2,ADM2,mobile,Lagos Island,56625.37744140625,56625.37744140625,100.0,95.07542044608535,13.0,2839.0,135.0,52.92473582990954,57.886229941588894,35.515,17.50191259308309,124.16900242907157,7.094596191626751,12.109902420871075,44.04270174574774,93.83499028774656,93.83499028774656,11216.886093988205
NGA,2026Q2,ADM2,mobile,Lagos Mainland,293611.88467407227,283245.83486938477,96.46947199831693,89.62671809173689,49.0,829.0,326.0,51.33564787668792,62.93973266349008,52.537,14.55930288324149,129.55725562056844,8.898589215400934,20.46604106306195,28.296974255367886,90.64052262636552,74.8886540740439,14548.895518819949
NGA,2026Q2,ADM2,mobile,Lamurde,117470.58482798467,4327.3187255859375,3.6837466434023005,0.06714390314785548,2.0,4.0,2.0,8.663168802598747,8.663168802598747,9.5025,2.47,16.535,6.694331983805667,25.817223715722086,90.18538243036306,44.0324834880821,0.0,108.46942413874353
NGA,2026Q2,ADM2,mobile,Langtang North,225762.47981179022,7983.735424041748,3.5363428992707253,0.18233732559903998,4.0,5.0,4.0,14.681731456706563,16.145124562937326,20.1675,13.638,24.517421399268272,1.797728508525317,14.292885694509977,51.73902989358843,100.0,15.172045497263387,282.3463986073794
NGA,2026Q2,ADM2,mobile,Langtang South,208745.044483034,1420.317626953125,0.6804078297861403,0.030300677754963538,1.0,1.0,1.0,35.623,35.623,35.623,35.623,35.623,1.0,44.697,37.0,100.0,100.0,173.16262466357765
NGA,2026Q2,ADM2,mobile,Lapai,206062.8402672548,16827.45556640625,8.16617665979065,0.06038737116343098,5.0,6.0,5.0,56.26526173168847,60.9573900085365,45.366,9.203837398082886,102.26,11.110583072806161,39.72621650924155,30.0,96.43968543432946,58.63645225673294,68.23092296027805
NGA,2026Q2,ADM2,mobile,Lavun,185688.36001130487,3597.92529296875,1.9376148794408572,0.009864496665027974,1.0,1.0,1.0,0.135,0.135,0.135,0.135,0.135,1.0,0.645,77.0,0.0,0.0,50.41268631735631
NGA,2026Q2,ADM2,mobile,Lere,520054.7351310481,54278.017349243164,10.436981664163811,0.3020577167512208,22.0,95.0,25.0,13.406304912635171,18.139978832075897,16.429499999999997,2.8383337037962546,45.49711235222871,16.029514884517134,13.870598092076987,47.0,52.3872617046968,27.709177072130004,197.43346914269512
NGA,2026Q2,ADM2,mobile,Lokoja,518428.3797094389,224190.7145843506,43.24429822109694,0.43757326088148274,38.0,241.0,48.0,23.717142990613233,26.927732994591445,20.3555,2.578536174147112,58.72369729901363,22.77404439301199,17.104134680741215,46.11730321579346,70.25345835430407,49.47386353014267,162.66797856323188
NGA,2026Q2,ADM2,mobile,Mafa,136922.25133419578,39545.099609375,28.88142666662301,0.031699251364042245,3.0,8.0,3.0,32.44571117300258,31.434634349908805,25.925,11.337880088745614,41.363,3.6482128648598424,38.648794086994556,41.620955474542,87.90536177423196,87.90536177423196,40.39116299078418
NGA,2026Q2,ADM2,mobile,Magama,298629.6861966202,10.717065811157227,0.003588747638471891,0.00996385183709581,1.0,1.0,1.0,11.416,11.416,11.416,11.416,11.416,1.0,2.182,62.0,100.0,0.0,82.02039055106157
NGA,2026Q2,ADM2,mobile,Magumeri,310445.15372067003,1985.6719970703125,0.6396208712785916,0.015679294840157416,2.0,10.0,2.0,36.546347899440335,36.546347899440335,32.3675,12.389,52.346,4.225199773993058,20.682376836335976,127.18624912535172,100.0,60.45836248827573,68.12289883756387
NGA,2026Q2,ADM2,mobile,Mai'Adua,391237.71946561505,22602.685974121094,5.777225673688549,0.11187906058082979,2.0,3.0,3.0,20.97077271188184,20.97077271188184,19.826999999999998,19.042772711881838,21.032,1.1044610109155466,19.38990054114117,59.27359996609657,100.0,0.0,617.3942512991777
NGA,2026Q2,ADM2,mobile,Maiduguri,1590366.6178894043,994929.4809570312,62.559756333254455,35.31316098230199,104.0,390.0,148.0,14.614589627209297,35.38723586251811,13.947,3.3003233517618185,46.44599879561769,14.073166125017213,13.354551824361165,54.0,66.44156233453486,26.190965167952967,15075.361801489898
NGA,2026Q2,ADM2,mobile,Maigatari,248269.4624057588,41404.83924627304,16.67737902400703,0.21332483407148914,6.0,16.0,10.0,5.05883424272386,4.636733193973159,5.515000000000001,0.8892679285674004,7.889753626116866,8.872189553520906,12.729824268292045,323.5118517874747,0.013928866513314372,0.013928866513314372,248.20013300917708
NGA,2026Q2,ADM2,mobile,Makarfi,223231.08537927273,34578.887619018555,15.490175823975655,1.127616032554095,17.0,61.0,26.0,21.139908159130748,21.114590603445123,21.771,2.9752868739103633,42.15847497002363,14.16954961207339,6.52119663004668,39.98677068211755,59.587155177489635,46.24212521924056,411.83660718997396
NGA,2026Q2,ADM2,mobile,Makurdi,716407.2499856548,369818.5090942383,51.62126836399875,4.658661926088252,113.0,280.0,156.0,12.360789184788224,18.256774044061622,12.307,1.9061308874566938,39.080091254381806,20.502312570216763,11.196631519235813,41.0,61.36286986660298,23.86732751301935,804.3573301011129
NGA,2026Q2,ADM2,mobile,Malam Madori,316248.3770418975,122533.38419342041,38.7459329719143,1.090296553648451,25.0,122.0,44.0,15.135560599608281,19.257012423908503,10.635,7.2115815216127706,43.32163520414679,6.007230879150972,12.563477479953736,65.43795405492894,63.60195631218498,27.534561464731265,387.0623750222817
NGA,2026Q2,ADM2,mobile,Malumfashi,305489.7962423272,33964.15673828125,11.11793492157737,0.36220431948685655,9.0,18.0,11.0,8.139970615637422,9.184632034635895,6.667,2.5900978197766613,18.599262581407952,7.180911253387229,9.281093091659748,1242.5697570140721,49.5761206670756,0.0,343.2137250581588
NGA,2026Q2,ADM2,mobile,Mangu,488415.8397034344,7650.349609375,1.5663598490213348,0.02245576585325041,1.0,2.0,1.0,5.285,5.285,5.285,5.285,5.285,1.0,1.57,49.0,0.0,0.0,301.50779546533477
NGA,2026Q2,ADM2,mobile,Mani,240508.3785258269,19913.351318359375,8.279691310721214,0.3175930950276062,6.0,10.0,8.0,17.38882486871685,23.244175879601528,17.3555,5.217231687422075,56.989,10.923225843581283,27.456222073492405,53.60862517809704,78.40182098990466,20.73066139192618,358.2630203815383
NGA,2026Q2,ADM2,mobile,Maradun,265268.06736899435,18492.631591796875,6.97129955188808,0.040330192580920944,3.0,10.0,3.0,2.6991396330321855,3.581270287393684,2.83,1.477,8.397,5.685172647257955,2.966545416603741,54.90328132522704,0.0,0.0,100.0810794752632
NGA,2026Q2,ADM2,mobile,Mariga,453673.3531472952,5812.439697265625,1.2811948634282002,0.011536815662711046,2.0,2.0,2.0,11.533168477218325,11.533168477218323,53.9775,1.128,96.09236847721832,85.188269926612,7.27350003051527,41.590649020930286,9.844150348838046,9.844150348838046,72.24639363870398
NGA,2026Q2,ADM2,mobile,Maru,533182.0057590072,8096.7392578125,1.5185694885344918,0.004809095790108001,1.0,2.0,1.0,37.61,37.61,37.61,37.61,37.61,1.0,43.035,43.0,100.0,100.0,71.85011388126826
NGA,2026Q2,ADM2,mobile,Mashegu,321527.8473221569,0.0,0.0,0.0041585953192113615,1.0,3.0,1.0,,,46.484,,,,,,,,36.84177514958449
NGA,2026Q2,ADM2,mobile,Mashi,296236.8165372592,7311.376708984375,2.4680850930170544,0.10519982253671961,3.0,11.0,5.0,18.585550494340634,19.554188027815037,18.669,16.61284630589197,28.603521490317185,1.7217712704759425,34.82285253554983,49.75828719363351,100.0,10.741812669607802,292.7047585175445
NGA,2026Q2,ADM2,mobile,Matazu,191229.88230212292,6181.0595703125,3.2322665766990757,0.0658338881390874,1.0,3.0,1.0,15.037,15.036999999999999,15.037,15.037,15.037,1.0,4.165,356.0,100.0,0.0,352.51281400784075
NGA,2026Q2,ADM2,mobile,Mbatoli,392631.79877853394,67283.63450622559,17.136572920365342,5.554651307034405,26.0,104.0,37.0,16.632084821411134,15.888976398425154,16.473,1.2156078389449083,28.60822387608521,23.534089662432443,10.451623289195544,46.19803630997261,59.30223294866488,13.995996031866408,2264.4854829583824
NGA,2026Q2,ADM2,mobile,Mbo,60251.364919807005,12.06209659576416,0.020019623807391744,0.1249500022882674,1.0,1.0,1.0,7.565,7.565,7.565,7.565,7.565,1.0,1.458,41.0,0.0,0.0,202.64659797267834
NGA,2026Q2,ADM2,mobile,Miga,150369.8242977804,19594.91551923752,13.031148776521352,0.8497235440338733,13.0,22.0,16.0,19.768718476086043,21.424089821251766,19.803,6.332813477519046,39.78863693799825,6.2829320773846495,7.340751185458278,60.720046740726545,74.78361560820545,42.000925650113494,275.1639742467444
NGA,2026Q2,ADM2,mobile,Misau,431038.5276567251,21276.6875,4.936145178406082,0.0727071865946479,2.0,5.0,3.0,8.03054339751988,8.03054339751988,7.93,7.7,8.16,1.0597402597402596,22.582611093017007,56.63422462818754,0.0,0.0,435.83988191096563
NGA,2026Q2,ADM2,mobile,Mkpat Enin,161557.92243436852,10117.539680480957,6.262484394469184,0.8833776451440865,8.0,40.0,12.0,38.415556441188265,34.09392157826679,42.601,1.651606380692516,81.49619836464187,49.343596220832374,8.387501071867462,54.631721680556545,61.550534858952986,61.550534858952986,480.2387031789371
NGA,2026Q2,ADM2,mobile,Moba,161370.99614007483,14960.044921875,9.270590923841874,0.1668300576395771,1.0,2.0,1.0,15.796,15.796,15.796,15.796,15.796,1.0,23.367,24.0,100.0,0.0,734.1554173937957
NGA,2026Q2,ADM2,mobile,Mokwa,220202.48540078427,35693.1828918457,16.209255234736137,0.14056083365081753,15.0,56.0,18.0,7.111088500378727,10.44704926906115,12.889,1.1685279841446148,22.199233633929797,18.997605478982234,3.3876230425093694,486.46890806195523,45.55262545385859,7.702326729271097,56.65636973328013
NGA,2026Q2,ADM2,mobile,Monguno,189143.38098207786,1144.088623046875,0.6048790167049422,0.015480863189611761,1.0,2.0,1.0,6.242,6.242,6.242,6.242,6.242,1.0,4.62,52.0,0.0,0.0,82.26066210157843
NGA,2026Q2,ADM2,mobile,Moro,234445.4166332168,19544.94249713421,8.336670760218663,0.4002568060413548,34.0,361.0,144.0,7.080812467800573,25.3476444991467,9.163499999999999,2.8719907138850447,91.62328401441751,31.90236081594965,8.865537775472028,39.46161384356079,30.733014324045755,17.801980974264726,75.52999918520469
NGA,2026Q2,ADM2,mobile,Mubi North,186306.93125030672,27812.113525390625,14.928115308831183,0.35057775413617576,8.0,32.0,16.0,13.2717107365463,22.648420188992915,18.919,3.2142613988698536,56.98916270996731,17.730095856548854,17.158005320971643,67.89574320009595,58.50776102560245,45.368926003575496,225.51658274708146
NGA,2026Q2,ADM2,mobile,Mubi South,231692.41325749803,21908.392822265625,9.455809326789264,0.3043569760865739,4.0,7.0,4.0,3.0639774831114828,3.5114761179388596,3.0235000000000003,2.733846540770279,5.503,2.012914740433636,8.698816660261134,134.6610445430975,0.0,0.0,486.9128406584161
NGA,2026Q2,ADM2,mobile,Municipal Area Council,3086066.457693191,2553479.125679016,82.7421949813654,25.7046072251458,1040.0,8259.0,2969.0,37.720059989287996,70.27766574356282,35.293,6.159842720432165,181.63334902960514,29.486686149814883,15.735803965727795,38.0,83.54971322650191,62.27891792084308,2091.282366266232
NGA,2026Q2,ADM2,mobile,Musawa,277063.54515862465,478.76373291015625,0.17279925175145436,0.053035254895525706,1.0,3.0,1.0,11.096,11.096,11.096,11.096,11.096,1.0,16.195,735.0,100.0,0.0,411.24673493502473
NGA,2026Q2,ADM2,mobile,Mushin,350799.162109375,350799.162109375,100.0,97.65878370411214,45.0,2691.0,276.0,58.178428228027315,66.70577399103605,64.364,12.170453801033108,119.78983684705133,9.842676272012369,15.887264882601862,31.469147922182085,93.66535901594594,81.8635959139112,20626.543604816838
NGA,2026Q2,ADM2,mobile,Nangere,204707.28275925037,1778.8931884765625,0.8689936012528979,0.031241045566430398,1.0,1.0,1.0,35.906,35.906,35.906,35.906,35.906,1.0,9.075,47.0,100.0,100.0,178.5011696056614
NGA,2026Q2,ADM2,mobile,Nasarawa,362660.41179579846,50417.860874176025,13.902223466994952,0.1194012939691571,17.0,89.0,19.0,42.6316181733249,69.56308915820051,30.405,10.68896744204354,174.56061073322076,16.33091425151239,21.01160779666775,135.0918872514401,90.41135647858461,67.19955398598107,69.64517630465575
NGA,2026Q2,ADM2,mobile,Nassarawa,855352.2026367188,661603.69140625,77.3486862332011,63.88854420256423,87.0,598.0,226.0,31.466310094389748,63.603103322415244,34.436,4.930384748762159,141.39772444220498,28.678841844483806,23.44717458659917,54.51660789784819,79.40251898098133,61.81930671153877,17557.303802577288
NGA,2026Q2,ADM2,mobile,Ndokwa East,123085.89288198666,435.52117919921875,0.3538351707102547,0.046353193154364404,2.0,14.0,4.0,32.47709915982291,32.47709915982291,32.198499999999996,15.192,49.205,3.2388757240652972,19.72779352526964,36.86894462243358,100.0,50.81909610979011,77.05293904858958
NGA,2026Q2,ADM2,mobile,Ndokwa West,212808.22134873705,65843.4398651123,30.94027075073012,1.0988737398177044,24.0,52.0,32.0,16.635772484977537,22.862290155741807,25.57,2.1324336399454826,50.44759432746477,23.657286858762227,8.164111032383207,33.903347536131456,58.94652334358723,43.434502753316494,263.1801869326435
NGA,2026Q2,ADM2,mobile,Nembe,71818.36246037856,17521.29638671875,24.396680440026834,0.08882750649075025,2.0,2.0,2.0,21.820985516927433,21.820985516927433,27.645000000000003,14.544,40.746,2.8015676567656764,9.424331632975106,150.28605952884067,100.0,27.77263383301822,85.83930177485456
NGA,2026Q2,ADM2,mobile,Ngala,182114.37524913263,11626.595733642578,6.384227339405461,0.053503934211386245,3.0,3.0,3.0,0.8960863284058247,0.8960863284058246,4.045,0.819,3.4768863284058247,4.245282452265965,2.4610635045951157,106.66186162717725,0.0,0.0,91.00191946824329
NGA,2026Q2,ADM2,mobile,Nganzai,181025.22829426202,17503.48876953125,9.669088079302846,0.033650257185458464,2.0,23.0,2.0,4.48725120186734,4.487251201867341,4.4015,3.847,4.956,1.2882765791525865,4.96748211828085,68.80409304165369,0.0,0.0,85.45038646371772
NGA,2026Q2,ADM2,mobile,Ngaski,233446.88553405978,2653.7357788085938,1.1367621258846972,0.026169098887155056,2.0,8.0,2.0,1.9961510699914098,1.9961510699914098,4.1725,0.42,7.925,18.86904761904762,6.224700463975473,382.17674098095654,0.0,0.0,84.4420567790532
NGA,2026Q2,ADM2,mobile,Ngor-Okpala,230005.14525435105,3440.3591918945312,1.4957748828140396,0.2834487888331558,4.0,19.0,7.0,13.42946900762135,13.879709657634281,12.615,9.64,18.124,1.880082987551867,4.1271514700075835,31.708863073762966,77.42516518602152,0.0,439.69812971391485
NGA,2026Q2,ADM2,mobile,Nguru,192979.452561191,26683.84228515625,13.827297119466742,0.2947963154915817,6.0,14.0,8.0,45.535916292141174,51.4290385905884,43.672,24.257139836184887,94.36549185345582,3.890215107417109,5.617314450278757,142.29200383988734,99.61830360543993,82.48299025174353,266.81214374081907
NGA,2026Q2,ADM2,mobile,Ningi,678007.0354815425,4658.37646484375,0.6870690451663559,0.021864933713554895,3.0,5.0,3.0,4.814077614583605,4.7886501518025275,4.357,2.256104746989844,6.953,3.0818604540754952,0.8499856039539135,603.6559390822105,0.0,0.0,137.16654252229128
NGA,2026Q2,ADM2,mobile,Njaba,148655.86442184448,4394.572265625,2.9562051135462855,0.6544324009653276,1.0,2.0,1.0,1.002,1.002,1.002,1.002,1.002,1.0,10.532,216.0,0.0,0.0,2627.3395302837116
NGA,2026Q2,ADM2,mobile,Njikoka,184601.0407753058,38208.281509399414,20.697760613335916,8.019481009273935,12.0,21.0,13.0,8.980005828783412,16.65121778695629,7.045999999999999,2.616573116594333,49.75412993127697,19.014996988135273,4.437284424134564,45.17791731423444,46.799620669011205,26.839143205386712,3337.9996430263845
NGA,2026Q2,ADM2,mobile,Nkanu East,236878.67266177418,17223.08327484131,7.27084590660181,0.5458857820404618,12.0,15.0,12.0,16.481836340375445,30.92432775948963,27.6545,9.798406483656516,83.52115065987083,8.523952420139123,11.790735956978802,40.0,89.27621742318385,32.309301958733236,291.73186982054966
NGA,2026Q2,ADM2,mobile,Nkanu West,193340.86322868327,34246.944091796875,17.713246708374133,4.293315116039733,27.0,143.0,42.0,15.847099838982487,31.457055901756068,15.293,3.74979623280095,40.106651937909206,10.695688364898462,12.55660298592348,41.0,68.987552009831,27.837561666662253,832.2419177823648
NGA,2026Q2,ADM2,mobile,Nkwerre,91507.75501900911,13087.1162109375,14.301647120748273,4.680783937602827,6.0,14.0,6.0,12.103811272292488,11.469107725240216,10.5755,0.25,22.263,89.052,14.663161491166276,34.42903490245867,57.68883798757759,0.0,1928.539932965868
NGA,2026Q2,ADM2,mobile,Nnewi North,405044.3541870117,191810.97619628906,47.35554864881011,27.051971411873915,50.0,256.0,68.0,13.441752697240299,20.07988765777507,12.051,3.6321841566341977,42.91562423849548,11.815376750683177,9.216720919973188,36.0,63.58582402738495,23.382897513715342,5925.673132286734
NGA,2026Q2,ADM2,mobile,Nnewi South,499540.1834721565,38344.94970703125,7.676049089886385,1.8422742653851152,9.0,46.0,9.0,18.930299243802992,25.416770506425774,14.309,5.37081713495415,67.32336367472095,12.53503181789035,12.759387669026273,35.170430522844555,64.463156104722,37.91599278336605,2764.4280729595403
NGA,2026Q2,ADM2,mobile,Nsit Atai,93151.5723904968,1515.2251281738281,1.6266232434831227,0.7460826509002944,3.0,11.0,6.0,3.854477882490184,3.8118738799824707,4.748,0.522,7.88,15.095785440613026,2.922793620899404,67.42286896238042,0.0,0.0,624.0449605744499
NGA,2026Q2,ADM2,mobile,Nsit Ibom,190727.8052209021,19923.368896484375,10.445969780551403,1.7962738219834853,7.0,15.0,7.0,32.863756206644005,37.86933238793628,24.847,14.662494229118654,74.75017528481138,5.098053176816461,9.952161040455833,36.326300085290015,91.72679319991065,55.72605536705152,1318.723871259271
NGA,2026Q2,ADM2,mobile,Nsit Ubium,157347.93350005161,2453.25634765625,1.55912841883967,0.18095835890086281,1.0,1.0,1.0,134.593,134.593,134.593,134.593,134.593,1.0,62.001,33.0,100.0,100.0,766.6632702141678
NGA,2026Q2,ADM2,mobile,Nsukka,453769.11024709546,126613.22348022461,27.90256556055097,3.41028583138457,54.0,367.0,152.0,15.259076076159308,37.78371386665425,16.1725,5.740330789119047,105.21537362158598,18.32914817749259,13.440828070013232,41.94203235936541,71.11224760246117,30.675098478555935,777.4398578315016
NGA,2026Q2,ADM2,mobile,Numan,92854.95268686222,4261.07958984375,4.588963180255476,0.04494388808479132,1.0,1.0,1.0,51.997,51.997,51.997,51.997,51.997,1.0,56.314,51.0,100.0,100.0,114.71013513212371
NGA,2026Q2,ADM2,mobile,Nwangele,149272.52897453308,8237.54931640625,5.518463023971164,2.0661355012986187,4.0,13.0,4.0,31.123722790469415,30.618410078250704,33.2155,3.737,57.3457164619985,15.345388402996655,12.622903611428455,38.11749880805508,76.76011546080329,46.13850702834257,2082.5903815453953
NGA,2026Q2,ADM2,mobile,Obafemi Owode,666127.7782368937,431220.07161688805,64.73533842984914,6.748793021198697,295.0,1588.0,559.0,19.853478566705842,41.48114613352304,18.296,3.2884789152832097,98.35075933649159,29.907675210993848,10.334542757650008,24.0,73.18095127313428,42.41702259656024,413.4616061593931
NGA,2026Q2,ADM2,mobile,Obanliku,180179.51273057444,16.223283767700195,0.00900395584483523,0.03674246992096752,1.0,1.0,1.0,1.436,1.436,1.436,1.436,1.436,1.0,0.009,46.0,0.0,0.0,179.38995896136194
NGA,2026Q2,ADM2,mobile,Obi (2),118471.65413930263,3700.1872153282166,3.123267959926872,0.1131744706682661,3.0,3.0,3.0,17.35456408478036,17.348368644750963,15.754,12.345030632167186,18.965,1.5362456817711978,9.91,41.49231405291243,100.0,0.0,122.11802185799353
NGA,2026Q2,ADM2,mobile,Obi Nwga,361866.4890402043,100306.59976196289,27.719228721070817,3.413672804429475,34.0,133.0,39.0,16.88714872870967,20.627623849905707,17.078000000000003,5.654808028950373,38.558271535106854,6.8186702957383885,9.182592824424763,38.864708037255404,71.47260951140854,40.45741779443,979.4672586410037
NGA,2026Q2,ADM2,mobile,Obio/Akpor,2816155.12569046,2572179.265029907,91.33656173856065,61.51763605704956,436.0,2760.0,1120.0,25.188083323033613,48.18006927900477,25.177,5.750334915653498,104.70608860604615,18.20869395294114,13.950290298027214,42.6229723014232,80.8632637154647,51.45832381242978,10703.141544958013
NGA,2026Q2,ADM2,mobile,Obokun,135955.57985338566,21120.82440185547,15.53509199448242,0.43159781500140393,6.0,9.0,6.0,18.638305595346324,23.352231010716178,23.954,4.768,60.37268514250844,12.66205644767375,10.004280423076942,27.882818736713784,65.8915560795029,31.8109709150161,266.41377680960903
NGA,2026Q2,ADM2,mobile,Obot Akara,206186.81071412703,5419.455108642578,2.6284198731588706,0.5848420059445976,4.0,13.0,4.0,42.40329866985404,71.2672163337659,20.1965,12.722,144.767,11.379264266624745,6.676533182766999,36.89153467316706,100.0,41.89158069665966,813.0587277010471
NGA,2026Q2,ADM2,mobile,Obubra,178248.89939235736,3366.625732421875,1.888721750259639,0.021833367656510606,1.0,5.0,1.0,33.129,33.129,33.129,33.129,33.129,1.0,5.54,75.0,100.0,100.0,105.2242751719833
NGA,2026Q2,ADM2,mobile,Obudu,297827.98898748145,21113.440185546875,7.089139021931996,0.24965870840108842,3.0,3.0,3.0,3.892160774495336,5.633929139027873,4.717,0.689,12.636,18.339622641509433,3.1327607586902815,51.709856550796246,36.93443056990864,0.0,671.904117894331
NGA,2026Q2,ADM2,mobile,Odeda,162636.37399940065,62955.627115249634,38.709438465150264,1.6730989906649552,60.0,344.0,137.0,26.618505682953717,53.227132940869566,24.4055,5.421945100867863,76.08391052421932,14.032585927887936,11.86417864614555,28.441254021406152,80.31549265298342,52.19280669121501,123.22064611469463
NGA,2026Q2,ADM2,mobile,Odigbo,341954.4944670663,78219.67661309242,22.874294059213124,0.5100210807202679,25.0,45.0,30.0,8.703982987515765,11.754514754503129,9.444,2.465817184560494,31.105638312274674,12.614738232436695,3.0133128751307474,53.70283802183524,34.05015291398739,11.928364017041373,189.17943198170144
NGA,2026Q2,ADM2,mobile,Odo Otin,140894.22138756732,32959.521728515625,23.393096894905028,1.4741164762073304,10.0,23.0,11.0,15.487726271454298,26.971581846055727,23.5105,0.83,80.47138588098373,96.95347696504065,19.024567083319837,34.37443454000906,57.06245213982351,44.412224311315725,566.4959655134207
NGA,2026Q2,ADM2,mobile,Odogbolu,260234.9351926829,103471.34854125977,39.76074483030021,2.8626579998667587,40.0,181.0,56.0,20.357374741378347,25.684266061966532,19.201,5.817836792963319,60.196332339798126,10.346858202107985,8.619283450957766,26.861011434196254,74.62530657353916,29.636762667894256,505.14444583844266
NGA,2026Q2,ADM2,mobile,Odukpani,338212.9669176717,94536.16647338867,27.951668244701214,0.5678980039779501,20.0,37.0,24.0,24.56632257118022,29.1734508699139,23.9215,3.8677478447130333,45.417665361408154,11.742664513016594,15.1497413691783,57.199562327363665,81.23326147440119,35.78494429254484,258.8672012352522
NGA,2026Q2,ADM2,mobile,Offa,158610.31924772263,84515.83709716797,53.28520710255204,18.04111617090972,36.0,179.0,59.0,9.892037124826599,33.60159967221533,8.660499999999999,1.3995652294170484,97.31804906695331,69.5344861543099,8.224829173419316,32.09067461373104,49.47917475276126,31.55234530985982,2169.386958667631
NGA,2026Q2,ADM2,mobile,Ofu,331952.0380127586,4730.5301513671875,1.4250643495628634,0.07098705619401731,3.0,3.0,3.0,16.130295277493953,17.810815465751983,17.112,15.541,26.846397290870534,1.727456231315265,3.549,30.0,100.0,15.793316627831755,213.61120759220574
NGA,2026Q2,ADM2,mobile,Ogba/Egbema/Ndoni,639543.4022085201,167155.78900146484,26.136738870924116,0.9141652163566851,22.0,49.0,32.0,8.766068013138897,17.01419814395162,12.3745,0.7945167944450833,57.396214810842054,72.24040474931617,3.146515821232223,47.062617280447235,37.897933807390274,18.628143073750874,716.9677705067529
NGA,2026Q2,ADM2,mobile,Ogbadibo,167372.11144204557,7583.784973144531,4.531092371246389,0.27921066473597406,4.0,42.0,4.0,15.884166010603867,14.53444066351442,15.1565,3.1684812617158187,19.763385470029288,6.2374948240428845,12.131177938832815,55.69036559808255,87.92634605469804,0.0,317.32689072650305
NGA,2026Q2,ADM2,mobile,Ogbaru,230386.76159161254,129115.95489501953,56.04313112569057,1.9130071259903887,25.0,146.0,54.0,22.739295660495255,32.62196556451626,28.346,3.8213181315781597,85.15656581469798,22.284605176154052,20.32188383134374,37.40799805100716,62.336501214523196,49.901168153860176,476.85900860051254
NGA,2026Q2,ADM2,mobile,Ogbia,308341.71596673346,47869.29668045044,15.524755231502631,0.6425630402624498,12.0,62.0,15.0,26.471824605029706,25.018609510519095,24.758,8.98395286450263,38.90243956224757,4.330214121665619,8.510944643500066,42.81859873718847,91.6892922509037,66.65677225351675,444.69691196579237
NGA,2026Q2,ADM2,mobile,Ogbomosho North,456998.0784173626,203791.58528137207,44.593532206333556,11.676572195627982,52.0,421.0,123.0,18.86075308263144,28.07160949224775,20.133,4.821993181431404,83.71870923046707,17.361847286066723,18.826418148971012,26.68771035893916,76.19837483981829,32.70992039275029,2800.7148664371625
NGA,2026Q2,ADM2,mobile,Ogbomosho South,109776.60742759705,36252.175537109375,33.02358889257844,8.28345543708637,10.0,14.0,11.0,16.626785669411927,16.117017279070517,16.5275,4.574455471609777,26.966190736399344,5.894950973675078,8.507774535314125,23.724939684868076,72.67113651759706,16.18710398828227,2481.2586830751325
NGA,2026Q2,ADM2,mobile,Ogoja,352785.4025923647,1454.0126953125,0.41215217087442185,0.040220176002404205,1.0,2.0,1.0,34.791,34.791,34.791,34.791,34.791,1.0,19.406,43.0,100.0,100.0,384.6460084454878
NGA,2026Q2,ADM2,mobile,Ogu Bolo,78967.39119686157,17809.956130981445,22.553557691404745,1.8155315431363745,9.0,39.0,16.0,44.96414346797969,70.53606924134506,49.261,10.293862437479012,212.38524022869223,20.632220560420254,12.280147379981553,38.78900190629696,83.89096284082889,70.60435590151634,428.8810674338141
NGA,2026Q2,ADM2,mobile,Ogun Waterside,93100.00894558085,10006.915283203125,10.748565329410873,0.1431629414796597,4.0,8.0,4.0,17.053652751104085,13.381703988548006,10.8605,4.275,17.243,4.03345029239766,43.682001832558264,39.47875698776633,70.40117399701374,0.0,90.2767558276985
NGA,2026Q2,ADM2,mobile,Oguta,208499.86542127212,13298.242919921875,6.378058275027129,0.4691877661120568,6.0,28.0,9.0,31.879600107797202,39.261896505023465,25.4655,21.22762337129664,72.399,3.410603190647134,19.494076174504396,37.020184908302305,98.85400907127055,82.45328958384084,440.3635755849457
NGA,2026Q2,ADM2,mobile,Ohafia,372571.6256208906,37092.83557128906,9.955893852483761,0.5449091282646595,8.0,9.0,8.0,23.27175943999745,24.989127659963078,22.4115,15.966644950166216,43.5905400815341,2.7301001692957616,4.536288755619787,52.57595132728003,97.90327372519836,36.691990244902215,685.3126534500997
NGA,2026Q2,ADM2,mobile,Ohaji/Egbema,209101.56898328374,6196.081566810608,2.9631922882921757,0.23651258322125396,6.0,8.0,6.0,26.046115161290718,29.51655755483895,17.5935,11.68552842183958,52.147048124719724,4.462532308531285,19.122532928399878,40.68604510439792,99.37910214861449,37.61048523402482,222.43258917901537
NGA,2026Q2,ADM2,mobile,Ohaozara,144496.9988294132,12730.52864074707,8.810237405536824,1.6367238889624527,13.0,68.0,27.0,15.225029424785413,18.29400264984817,11.474,5.880132925240114,32.971,5.6071861672504,5.943719493805451,39.917781115793105,74.78166513480818,25.415007774257926,491.9500039804346
NGA,2026Q2,ADM2,mobile,Ohaukwu,499260.24616545445,10454.722381591797,2.09404262844655,0.5116356507097286,10.0,21.0,12.0,7.030271314469752,11.262862002688653,8.455,2.031,33.57789365697632,16.532690131450675,3.5708965820253074,77.05654883900648,23.832258209637732,16.924957559023774,691.6768858503018
NGA,2026Q2,ADM2,mobile,Ohimini,77856.2154932865,2970.3525390625,3.815177144487112,0.05364475522035752,1.0,1.0,1.0,4.236,4.236,4.236,4.236,4.236,1.0,2.622,44.0,0.0,0.0,113.55264711493102
NGA,2026Q2,ADM2,mobile,Oji-River,219342.58076407475,21214.260021209717,9.671747249125245,0.9816266853737822,12.0,35.0,14.0,17.26532565177566,34.53540519874061,17.6835,2.85082028102642,106.30309285206616,37.288598499023024,5.411821388147927,34.7574137179935,52.09966451324778,42.66746761548323,485.5299613367363
NGA,2026Q2,ADM2,mobile,Ojo,1060847.2292577038,835602.4208602905,78.76746036702933,32.108051345313854,150.0,963.0,350.0,22.015495573196205,40.730734947177794,19.774,1.6515520205794088,108.74787689896826,65.84586833711516,12.272414642655583,28.0,73.23168610051881,40.300274751216655,6151.106327118767
NGA,2026Q2,ADM2,mobile,Okehi,276852.99376927165,48877.2663269043,17.6545919411796,0.48008116601710654,10.0,32.0,10.0,23.965206264005634,23.554140285400983,9.790500000000002,6.853278300848394,39.719695073922665,5.795721891084681,16.185104451724488,43.160333273756905,80.28136171207674,53.864446208420155,361.83182559552745
NGA,2026Q2,ADM2,mobile,Okene,287977.4324877272,83275.48291015625,28.917364180509256,3.0060919236749832,9.0,19.0,10.0,8.444114843141044,16.58400529932335,8.528,1.8529687973439644,53.09453987697165,28.653768996583796,9.49154046772935,62.64907097889363,44.92559343447499,23.55208474245364,2617.5464753169294
NGA,2026Q2,ADM2,mobile,Okigwe,201223.85562600207,12188.454833984375,6.057161958290887,1.0170834450724136,9.0,19.0,12.0,26.037665585038873,40.19143048643899,23.289,1.6346486802879334,87.86165350178544,53.74956378168619,30.52819999172206,44.44702915920624,53.55474487298615,47.61439146197234,614.4493159753561
NGA,2026Q2,ADM2,mobile,Okitipupa,314974.64764553844,93180.5139579773,29.583496530438037,1.38388568828934,30.0,150.0,51.0,13.3990104650918,14.770825669767872,13.1255,3.4999221473150786,26.796726132786873,7.656377772100916,12.42644195110061,47.744643312094574,71.58109703076819,12.58102414993601,393.6023960531137
NGA,2026Q2,ADM2,mobile,Okobo,87973.92886356314,1453.674560546875,1.6523924523154438,0.12232807184488494,1.0,1.0,1.0,32.284,32.284,32.284,32.284,32.284,1.0,4.719,41.0,100.0,100.0,289.8663504242337
NGA,2026Q2,ADM2,mobile,Okpe,213474.06212021984,79814.95166015625,37.388594599004605,2.3869248525208797,28.0,97.0,46.0,19.676393762452005,31.742001961348997,18.588,3.857440307345979,78.56003931376134,20.365847052553026,3.934371034783837,86.33934625035515,70.5411882728812,35.59696515463157,491.3664873661202
NGA,2026Q2,ADM2,mobile,Okpokwu,127625.81594964176,14497.684555053711,11.35952350014684,0.24971493324305707,6.0,8.0,6.0,4.080522879243055,5.644084226777168,4.773,1.512,17.69942474250338,11.705968745041917,1.9300524097216534,56.392749307711455,8.359506871053918,0.0,144.2771669095672
NGA,2026Q2,ADM2,mobile,Okrika,239639.2322277911,79072.66528320312,32.99654424198786,0.8552442843599222,14.0,51.0,18.0,15.042652603809547,46.00402894050391,13.276,9.980723554982877,137.02316363432982,13.728780571817461,14.31649374230649,58.94493616185936,94.77590950593469,28.561894785522767,394.1686669728964
NGA,2026Q2,ADM2,mobile,Ola Oluwa,58963.47327577244,2409.9588356018066,4.087206369832418,0.4448508206191728,4.0,4.0,4.0,20.61084538286749,25.92327013386297,13.168,4.304207565438958,41.196,9.571099760798521,22.333194043928017,35.08063850118774,54.105109769954964,52.95619640162831,178.5714319050746
NGA,2026Q2,ADM2,mobile,Olamaboro,224660.75883957616,3610.6705322265625,1.6071656442702749,0.09785066309865763,3.0,3.0,3.0,2.6300449633177885,4.550749798241046,2.642,2.61,19.144867640841042,7.335198329824155,0.39802534609385537,93.59210479866255,9.490607284391597,0.0,199.01811272258348
NGA,2026Q2,ADM2,mobile,Olorunda,215075.02622333248,136930.8395843506,63.66654557194498,11.669523891724296,47.0,208.0,72.0,9.02022192154208,16.95512680807456,9.002,0.821289094301764,30.892888345498385,37.61512061932664,8.96981237253479,32.0,42.94356414034341,22.057708589850435,1455.0104260126857
NGA,2026Q2,ADM2,mobile,Olorunsogo,106041.64008750097,3468.230224609375,3.2706305011385544,0.04474028327760208,2.0,2.0,2.0,1.387,1.387,1.387,0.969,1.805,1.8627450980392157,25.144,244.5,0.0,0.0,64.94371830790888
NGA,2026Q2,ADM2,mobile,Oluyole,848881.4365312459,579707.7899017334,68.29078419603246,7.732781661109123,139.0,592.0,250.0,22.682625154735867,35.427603218259016,22.013,3.6959743080864564,67.52841928835312,18.27080321976456,12.991024362243406,24.0,79.61871548242213,46.083875653236596,1283.7134246542462
NGA,2026Q2,ADM2,mobile,Omumma,115661.76216469,3167.9677734375,2.73899317643687,0.18953231347522156,1.0,2.0,2.0,7.512,7.512,7.512,7.512,7.512,1.0,2.086,29.0,0.0,0.0,590.6830607512069
NGA,2026Q2,ADM2,mobile,Ona Ara,384754.4485074294,136997.01821899414,35.60635068689759,4.266490279959727,37.0,121.0,42.0,9.109779989154648,16.53513567962954,7.332,0.5061863763214876,39.547738246704874,78.1288080767852,7.033940230588518,28.131077064587732,44.18709364405289,19.588968334313105,1206.0681729869268
NGA,2026Q2,ADM2,mobile,Ondo East,59472.245312290404,13477.249198913574,22.661409751967774,0.8101041207039668,7.0,15.0,7.0,22.358974482993915,23.758356369042247,14.489,8.089,37.466,4.631722091729509,24.150319167758706,22.2079142246429,65.38550180562518,51.16681001916164,186.95720628104382
NGA,2026Q2,ADM2,mobile,Ondo West,357356.5880193652,159482.16522216797,44.62829861514281,1.5004654018932182,33.0,120.0,55.0,17.204244645421692,23.24138641279476,15.203,3.9775835889114437,34.34324933551559,8.634199273965327,12.167254460063006,32.0,70.251696865516,24.863277119976434,441.23221657487755
NGA,2026Q2,ADM2,mobile,Onicha,225977.73201590797,2716.039794921875,1.2019059447550682,0.16805427817915783,2.0,6.0,3.0,17.179552239350667,17.179552239350667,17.3635,10.859,23.868,2.1979924486600977,11.758406244407253,263.6680495706073,100.0,0.0,513.5688258164495
NGA,2026Q2,ADM2,mobile,Onitsha North,316077.93765449524,292474.9714355469,92.53254865110239,60.237752036753584,65.0,443.0,131.0,33.85343631881018,41.72102611865368,26.988,7.639874166494929,94.60252905409556,12.382733928914686,20.04088070564913,32.0,83.27851456356791,69.52246638862128,7924.7071751056565
NGA,2026Q2,ADM2,mobile,Onitsha South,78868.09231567383,78534.55810546875,99.57709867144993,70.77584487824033,16.0,161.0,62.0,29.825549103458105,27.518938809368155,24.621,2.699850760812099,55.560525116286286,20.5791097503382,16.72309774470181,36.0,84.77015477870013,52.76189445380448,9437.905912210379
NGA,2026Q2,ADM2,mobile,Onna,106539.08559681488,4211.439453125,3.95295250520801,0.29115036603055683,1.0,1.0,1.0,1.662,1.662,1.662,1.662,1.662,1.0,5.433,37.0,0.0,0.0,834.979644392665
NGA,2026Q2,ADM2,mobile,Onuimo,63526.7812230587,429.42218017578125,0.6759703103293879,0.40638438217258643,1.0,1.0,1.0,9.623,9.623,9.623,9.623,9.623,1.0,5.963,28.0,0.0,0.0,697.3553992487424
NGA,2026Q2,ADM2,mobile,Opobo/Nkoro,25967.15642652082,4195.758392333984,16.157943224190557,0.7478133454068984,2.0,2.0,2.0,19.09991231762924,19.09991231762924,15.939,12.560712317629243,20.026,1.59433633169777,0.8199562837213291,34.566483779282336,100.0,0.0,261.29079989791757
NGA,2026Q2,ADM2,mobile,Oredo,408914.3988914533,325283.54916381836,79.54807902232007,21.30964176081491,144.0,852.0,323.0,43.0926236233704,68.68980135374805,41.792,7.157296380927773,156.0410563293283,21.80167594360558,12.791912076178638,35.0,85.43543288207742,66.59418816174151,1637.9996112675765
NGA,2026Q2,ADM2,mobile,Orelope,129651.62790866615,19875.12001800537,15.329633988095017,0.20769488755998977,6.0,17.0,6.0,10.309242889653868,10.159733780684904,11.036,1.9566945782452916,21.730963688034958,11.105955896051325,15.63909211336609,46.2624601019632,57.88419171172527,8.657419345356214,122.92367843171698
NGA,2026Q2,ADM2,mobile,Orhionmwon,221493.06873757014,8734.570434570312,3.9434960580726903,0.07752280044653242,5.0,10.0,7.0,5.342038050813832,18.21517445751401,16.612,4.846,60.79930316816622,12.546286250137477,2.520168060910219,43.69371363376594,36.99659839153443,17.506966581181075,92.87378998194367
NGA,2026Q2,ADM2,mobile,Ori Ire,179381.1611705438,409.00439453125,0.22800855555974214,0.017678041071963926,1.0,1.0,1.0,57.698,57.698,57.698,57.698,57.698,1.0,38.845,23.0,100.0,100.0,86.47441337368171
NGA,2026Q2,ADM2,mobile,Oriade,162128.8667499004,43783.59310913086,27.005427217764574,1.6937001784562877,20.0,30.0,21.0,15.272895728423752,27.958726827116095,10.4695,2.143231072408327,59.35395612612992,27.693680298986372,3.936311580068424,31.0808537537434,55.182809116616205,35.736149617016395,373.7224412508116
NGA,2026Q2,ADM2,mobile,Orlu,382853.02075123787,59616.225830078125,15.571569923386942,4.846321037522999,17.0,40.0,20.0,22.369826617390096,35.113903327291155,22.172,0.6056389070025731,104.03172926636574,171.77187275044693,12.872382367658842,36.0,63.673256188166285,38.96523438847467,2948.845434092928
NGA,2026Q2,ADM2,mobile,Orolu,88531.0282407999,7071.9970703125,7.9881564812248955,0.473735106560308,1.0,3.0,1.0,15.123,15.123,15.123,15.123,15.123,1.0,13.974,27.0,100.0,0.0,1142.9634114420871
NGA,2026Q2,ADM2,mobile,Oron,169110.83282932313,33382.628662109375,19.740088853918152,1.267132149794937,5.0,9.0,5.0,26.426007225234244,26.18870019294294,17.947,5.041079318929499,44.45,8.81755615966765,17.859273025992223,45.46077907440927,73.42556451446642,61.29236889446654,1154.2068631696682
NGA,2026Q2,ADM2,mobile,Orsu,182407.27880096436,8427.37548828125,4.620087281427443,1.1297317429002462,2.0,2.0,2.0,38.176384864303316,38.17638486430331,37.63999999999999,6.335,68.945,10.88318863456985,23.08260145556604,652.1026745345182,50.85670797684606,50.85670797684606,2784.4337767692023
NGA,2026Q2,ADM2,mobile,Oru East,227680.1628711231,3276.482177734375,1.4390723093381688,1.002691471438425,3.0,5.0,5.0,22.76959253125319,17.51766655097559,22.0,0.537,24.455,45.54003724394785,3.723950561410398,35.62278814380999,73.4450693532171,0.0,2055.280193333003
NGA,2026Q2,ADM2,mobile,Oru West,271372.81089040637,26958.871215820312,9.934256540795321,3.7423480181127258,12.0,25.0,21.0,19.438122429749235,32.67736620860217,23.846500000000002,2.0800268893076064,85.34199549234512,41.02927511708925,25.794883694011066,37.06886115739892,56.76605510184708,48.04691191192602,2286.0375648196937
NGA,2026Q2,ADM2,mobile,Oruk Anam,267357.019186739,29482.2119140625,11.027281798601392,0.828166994014437,12.0,32.0,12.0,37.07579063830809,54.14765687981301,52.6125,7.715014993127319,132.03815061672623,17.114438628356304,13.865627579791788,35.29132903779955,90.0490021137133,61.502644738489785,497.15597286485354
NGA,2026Q2,ADM2,mobile,Orumba North,302698.7497498477,59887.39873123169,19.78448830090083,2.3069054778978204,20.0,60.0,27.0,18.314138445285174,25.720844825524615,17.175,7.109613392154932,41.58916122576741,5.849707843700583,8.823231718096297,38.0,82.83893658274984,35.809195905605,944.2715779188412
NGA,2026Q2,ADM2,mobile,Orumba South,197934.87840496178,11936.362731933594,6.030449422618978,0.7386385926371551,4.0,8.0,4.0,14.289175569176676,15.99888916783449,11.1845,1.7668073345992177,37.786478126280755,21.386869629931798,22.29754602085176,53.581281908111855,67.02980212082302,13.844228429583428,988.2159186647792
NGA,2026Q2,ADM2,mobile,Ose,155160.95835946983,11189.5751953125,7.211591958196728,0.07550619339772213,3.0,7.0,3.0,36.75451484211745,27.334979999716357,34.673,1.876,42.986,22.9136460554371,13.681003060414566,34.55447222964252,64.54224622265859,64.54224622265859,106.10356811484132
NGA,2026Q2,ADM2,mobile,Oshimili North,286573.0378221745,213604.6565618515,74.53759718121087,13.429862374462566,185.0,1152.0,441.0,19.72790249274937,41.586382117296495,16.898,5.747894855482208,100.96658189407972,17.565836611951966,17.12214171639347,51.217871015522064,78.93135207107423,44.89480436434704,562.9587886039346
NGA,2026Q2,ADM2,mobile,Oshimili South,303999.8662717501,271474.88162231445,89.30098718518478,12.893851714054511,91.0,782.0,335.0,24.830108987878933,31.444981777738214,22.995,10.600532514914542,55.051839399277846,5.193308857061853,19.90689991130478,39.32194856042305,90.80908440479693,50.69514313783399,1165.4844995995982
NGA,2026Q2,ADM2,mobile,Oshodi/Isolo,783945.8702697754,766932.0311584473,97.82971761743279,86.73689096664214,127.0,2023.0,487.0,33.79257509769657,56.20671443431537,35.119,9.697153800659905,131.98653385414804,13.610852892233819,15.061378532080095,28.047327816870823,89.33810549012327,64.10150204594612,14506.629842317976
NGA,2026Q2,ADM2,mobile,Osisioma Ngwa,402970.5716342926,144542.23046875,35.869177712541806,8.782596620138916,43.0,188.0,80.0,21.473088958053104,21.184217105713387,19.242,4.064732948104698,39.03093833894393,9.60233767808615,14.833253628421152,40.0,73.31258014454316,34.74666073095724,2218.8955269622243
NGA,2026Q2,ADM2,mobile,Osogbo,520317.5679154396,416482.55446624756,80.0439155139065,44.14622849623374,112.0,1233.0,307.0,12.354967627836217,29.13367205279145,13.0185,1.671323972615209,73.25661564438317,43.831487398433396,14.44882722060444,33.720635127555035,59.37162364291623,34.26995868348385,5586.741008891129
NGA,2026Q2,ADM2,mobile,Oturkpo,289138.95141612046,35225.67248725891,12.182956434867586,0.2393825847799538,9.0,19.0,9.0,17.68065471931583,19.56257889179303,18.42,5.603728342500299,41.13134086888577,7.339995509227985,13.759982216056766,38.94550050829013,73.03772392183133,28.60993393817855,209.00418653914542
NGA,2026Q2,ADM2,mobile,Ovia North-East,228254.01183565066,106310.54936218262,46.57554472196056,1.3817411286577672,87.0,363.0,145.0,22.02340729990393,41.18818466172877,20.482,2.4779369521412073,103.23988030424938,41.66364290061492,14.471676517056842,34.0,68.32000103141121,46.40535313171012,98.19878480464438
NGA,2026Q2,ADM2,mobile,Ovia South-West,326528.31541418965,32966.41566443443,10.096035813193627,0.20028294069158434,15.0,77.0,19.0,27.68658739903219,46.880388806672556,25.584,11.624784608002368,102.978,8.858486713733269,11.502634145342437,39.16955038665244,92.79003459858444,52.88213666118175,118.1519931761966
NGA,2026Q2,ADM2,mobile,Owan East,187265.35378912496,16699.842254638672,8.917742613213957,0.11885302764240292,4.0,25.0,4.0,7.34349479858496,10.344188374863512,7.278499999999999,7.047855704081457,15.425,2.188608939747062,3.254861237042369,46.1543521973071,37.91763981122262,0.0,151.12709781423283
NGA,2026Q2,ADM2,mobile,Owan West,148690.5518313177,7397.2503662109375,4.974929661033718,0.10074094117102343,2.0,3.0,2.0,10.356802890082268,10.356802890082268,16.775000000000002,3.828,29.722,7.764367816091955,10.012323553863538,38.47009961917233,25.213574148769087,25.213574148769087,203.28496770936022
NGA,2026Q2,ADM2,mobile,Owerri Municipal,370720.9531555176,284387.29022216797,76.71195485486017,52.25665785141809,88.0,538.0,242.0,28.904826733998824,34.70749688167056,22.3975,7.27808890217656,63.8639932907454,8.774830061727668,18.66727313467103,38.401274991581595,80.38868855019254,54.99651607082671,5941.485105546219
NGA,2026Q2,ADM2,mobile,Owerri North,444981.05965657905,237701.82150268555,53.41841328845223,14.274416958353473,71.0,390.0,141.0,19.97845707833054,36.94078247099268,19.849,4.8726002415107725,88.90077997679526,18.245038700164567,15.51127800853639,43.24690030428429,78.60428664400413,38.16506299340946,2414.6495306905745
NGA,2026Q2,ADM2,mobile,Owerri West,337297.69716859533,127829.37927246094,37.89808834910798,7.752768769973153,60.0,502.0,160.0,21.956448088106075,39.533225066857014,18.051000000000002,5.538471671393568,129.00422627071757,23.29238712857008,14.73252198488816,42.27487863373753,80.50068719105545,46.85665013931256,1176.1309520323373
NGA,2026Q2,ADM2,mobile,Owo,386634.1374156884,90803.76454162598,23.48570799996344,0.9701091832734853,27.0,152.0,44.0,16.965491986944993,22.83430655356239,16.808,4.090387470266806,46.74830298274789,11.428820208980987,10.775393138913888,29.57701260713675,76.61751263380775,42.73657778276712,377.4477995149914
NGA,2026Q2,ADM2,mobile,Oye,233778.4738508102,91853.56235218048,39.29085550057891,2.53392179409216,40.0,155.0,89.0,9.84778535160814,18.40737643388254,12.8575,1.8892963713764808,47.38759883917701,25.08214145600244,7.9847170998744925,43.01525479044049,48.377219077244995,19.892596879936875,403.46835717143546
NGA,2026Q2,ADM2,mobile,Oyi,315977.3113423586,84805.83325004578,26.839216046800086,11.366415120749956,46.0,212.0,59.0,20.821512860912662,30.02960044881454,20.796,3.277996149658745,56.30415372473204,17.176394099972807,9.974951420129202,36.325541075412474,60.29226412828766,45.310315635686074,2112.701237100328
NGA,2026Q2,ADM2,mobile,Oyigbo,555907.8135492401,367811.7150878906,66.16415638045557,6.387734511905243,48.0,273.0,86.0,10.520143675059355,16.42896310456654,10.469999999999999,3.4621908229203644,54.31248609446837,15.687317329509783,12.74487510811818,62.34593437850823,51.99042004922265,16.959173662934646,1992.7743070177214
NGA,2026Q2,ADM2,mobile,Oyo East,175207.127830809,59916.156982421875,34.197328455883756,4.39415652114809,13.0,172.0,15.0,6.781450923834289,20.949917839363547,8.862,0.4345719561879541,67.97757571225087,156.42421178887645,3.977396348754699,31.06365596164832,34.41116904591843,26.437837219930437,1613.821405650665
NGA,2026Q2,ADM2,mobile,Oyo West,394646.6179458394,132408.63409423828,33.55118936111339,2.1800495220404557,30.0,165.0,35.0,12.462228528238066,26.030140296098352,11.462,2.7132591202772836,62.58014889001136,23.064567782090762,12.600018338282725,28.0,64.3626546232365,37.95023089728423,781.5123786924053
NGA,2026Q2,ADM2,mobile,Oyun,90068.96427584154,13022.779998779297,14.458676308185648,0.30202788337126807,4.0,5.0,4.0,6.8371979322995955,8.73047122989488,17.365000000000002,2.095,25.550505279281175,12.195945240707005,5.7578228639627715,28.68291969030108,16.528206130543523,8.264103065271762,185.62259343117157
NGA,2026Q2,ADM2,mobile,Paikoro,263282.9632295399,18901.941772460938,7.179325825188894,0.1447138103514475,8.0,43.0,8.0,5.779793489385365,10.115075609697785,6.8195,0.175,30.087129840994216,171.92645623425267,8.370169873251283,53.29472762476336,12.603990396649465,12.603990396649465,130.90987587665427
NGA,2026Q2,ADM2,mobile,Pankshin,334124.52445380617,6731.88916015625,2.014784509206823,0.05336864052179336,2.0,5.0,2.0,63.123,63.123,63.123,46.122,80.124,1.7372186808898138,30.511499999999998,44.5,100.0,100.0,244.89748633273067
NGA,2026Q2,ADM2,mobile,Port-Harcourt,902225.0670716763,832302.7976074219,92.25001920073015,59.09046581005577,115.0,839.0,358.0,24.2206113052261,65.39401761693131,24.387,6.818189239302444,190.75828557521038,27.977851432402673,12.183168987821087,36.0,78.25969891981728,49.34762064257609,12485.063555365448
NGA,2026Q2,ADM2,mobile,Potiskum,457275.96667349344,44591.29931640625,9.751507309861653,0.505688137892599,6.0,9.0,6.0,12.12730110940025,11.79595399631118,7.8835,0.18346200768354468,22.10081758485402,120.46536426754867,9.657867120809803,37.82024613864517,54.81005706548279,0.0,1074.8764313904917
NGA,2026Q2,ADM2,mobile,Qua'An Pan,307669.20955817366,6494.81591796875,2.1109736418849283,0.06962500916845805,5.0,20.0,7.0,31.850564242942532,27.47183781434607,39.21,0.362,59.52694233729882,164.43906723010724,14.854996011143008,40.832689781349394,55.80577974485811,55.80577974485811,117.35462703490757
NGA,2026Q2,ADM2,mobile,Rafi,337444.9537575886,4505.212371826172,1.3350954938453743,0.028306169923870816,3.0,7.0,3.0,5.766311096804154,8.205223781679368,6.654,5.204,29.363150474288897,5.642419383990949,5.050476970186135,37.81039841644904,6.971570927308394,6.971570927308394,87.88321585088278
NGA,2026Q2,ADM2,mobile,Rano,328837.63384819153,17657.23046875,5.36958932045518,0.14874033478837115,2.0,2.0,2.0,5.6175,5.6175,5.6175,4.643,6.592,1.4197716993323282,27.586,69.0,0.0,0.0,681.3760597970241
NGA,2026Q2,ADM2,mobile,Remo North,96536.26549548413,49479.85906982422,51.25520322944214,2.1767607207002766,12.0,35.0,14.0,7.002981644536341,19.442997657320202,10.434999999999999,1.9516946387826555,85.33548253235448,43.72378795157289,4.8872370840995885,37.00864770940225,22.25418286323792,13.256090277746537,475.3507099267296
NGA,2026Q2,ADM2,mobile,Rijau,352198.70225788245,996.3402709960938,0.2828915224868052,0.023944479475192668,2.0,6.0,2.0,14.110966092827884,14.110966092827884,14.271,12.609,15.933,1.263621222935998,10.074435526955064,125.5552226994802,100.0,0.0,117.17572517687547
NGA,2026Q2,ADM2,mobile,Rimi,232399.03015017568,7385.7156982421875,3.178032065568241,0.22956051023171092,3.0,9.0,5.0,14.657832102067317,19.099352758405207,14.995,10.642,39.475,3.7093591430182298,3.129586561463552,48.464738660141535,100.0,21.703890812909997,500.985473338959
NGA,2026Q2,ADM2,mobile,Ringim,271514.97928894317,32611.94369506836,12.011102952947248,0.7994923974901924,23.0,40.0,31.0,4.434276151588262,13.104174185837294,17.18,0.42136977352299204,32.98207976850292,78.2734829144152,1.7167142326821812,1654.5185507085434,26.254784288981075,19.75577761101715,264.1383813028102
NGA,2026Q2,ADM2,mobile,Riyom,242364.29571271938,837.785400390625,0.345671955486246,0.0452713019194017,1.0,1.0,1.0,6.639,6.639,6.639,6.639,6.639,1.0,17.026,42.0,0.0,0.0,301.8881652551926
NGA,2026Q2,ADM2,mobile,Rogo,347151.79475313425,12517.098655700684,3.6056557520037633,0.17905955582857927,4.0,8.0,5.0,2.277946875214034,5.041227041429422,9.3035,1.265,16.265,12.857707509881424,9.518123444893169,301.8929126710278,22.17074135263905,0.0,432.94371133530035
NGA,2026Q2,ADM2,mobile,Roni,187118.50896963978,42687.217712402344,22.81293173372197,1.297198280606048,12.0,49.0,23.0,8.929123087269396,10.155478414118344,10.1045,3.2165080329830413,18.321636029366967,5.696126308870178,9.0900135494518,47.0,42.91907822296403,1.6880018677547217,568.1061822265125
NGA,2026Q2,ADM2,mobile,Sabon Gari,466005.3937048912,200336.611328125,42.99019153735221,6.973291324824251,37.0,157.0,57.0,22.49490147636819,29.84002775296487,19.6,5.5756089324959754,76.61046106548129,13.74028594777824,23.63159630635029,43.0,85.15645213629463,44.01151709678666,2439.7856090646283
NGA,2026Q2,ADM2,mobile,Sabuwa,254290.59844331542,20234.10791015625,7.957080613291603,0.08509049946077311,2.0,4.0,2.0,17.465740455116528,17.46574045511653,19.4725,13.775,25.17,1.8272232304900182,13.774375236709808,39.94334732169365,100.0,32.38912202822755,300.8432079137246
NGA,2026Q2,ADM2,mobile,Safana,271707.50839975907,4478.8759765625,1.6484181842972108,0.02672258819828332,1.0,1.0,1.0,2.423,2.423,2.423,2.423,2.423,1.0,2.006,44.0,0.0,0.0,203.57219114447298
NGA,2026Q2,ADM2,mobile,Sagbama,186270.8414641843,7264.3052978515625,3.8998617501002295,0.11699589731872014,3.0,9.0,3.0,19.350927805986977,16.07065484832939,18.406,1.457,21.242,14.579272477693891,7.595009363763547,56.46313093164292,78.21564162133011,0.0,195.7998688554702
NGA,2026Q2,ADM2,mobile,Sakaba,170638.69005892242,10789.738739013672,6.323149067358592,0.1550442424431695,6.0,28.0,7.0,17.457981209844867,21.364810826122106,17.4465,13.080967720554847,36.18928618436413,2.7665603155260374,12.305086143952442,70.0,100.0,24.936075085739994,122.60006563927762
NGA,2026Q2,ADM2,mobile,Saki East,101783.11346991565,5524.309631347656,5.427530602097855,0.08589632115044496,3.0,4.0,3.0,29.991368034325856,26.244391629022417,29.085,7.55074867707887,31.048,4.1119101333950665,19.818437270491238,30.464163260602128,82.9824971611791,82.9824971611791,79.72912306984234
NGA,2026Q2,ADM2,mobile,Saki West,397406.1802770469,44704.07995605469,11.248964453670494,0.19510036834267236,11.0,30.0,12.0,12.515698196688412,26.88672750551615,15.058,0.8418657189846507,84.75443613946567,100.67453066230739,23.594855444616147,30.548367942059514,55.1272622100766,30.38253529167325,192.89022802366438
NGA,2026Q2,ADM2,mobile,Sandamu,234177.2310979838,21063.4072265625,8.994643555995077,0.21001299473732152,2.0,3.0,2.0,11.183241520939681,11.183241520939681,11.6565,5.456,17.857,3.2729105571847503,4.979325386253532,58.29753957648987,46.18370712797098,0.0,692.2621159609346
NGA,2026Q2,ADM2,mobile,Sanga,220411.1543487741,34253.63185882568,15.54078874094704,0.640282312994804,32.0,76.0,38.0,10.287379083917008,13.426619586585296,5.6335,2.644394569018909,33.96210485166475,12.843054984893934,4.23613417290828,50.86245630840798,49.944605866491244,16.286690006790185,121.07133391897221
NGA,2026Q2,ADM2,mobile,Sapele,393609.5616322043,202658.5216369629,51.48719477153622,2.457217464955081,38.0,197.0,55.0,27.327139294969616,45.1843247110566,25.3835,3.247542143124977,90.06030978612041,27.73183713005155,15.956828818995726,45.0,73.86340111746422,58.03027241861407,687.8820410101042
NGA,2026Q2,ADM2,mobile,Sardauna,316946.7178049595,6296.691650390625,1.9866719851206789,0.015529460021543501,2.0,2.0,2.0,4.535163439622486,4.535163439622485,4.5005,4.379,4.622,1.0554921214889246,17.644500039179956,212.70709479792933,0.0,0.0,66.73001732717914
NGA,2026Q2,ADM2,mobile,Shagamu,604045.7481726113,293892.8534126282,48.654072030426036,10.023108915860762,149.0,650.0,193.0,19.501537198430235,36.329523179835576,16.841,2.279060488528968,66.87589441678801,29.343624161530453,10.361250198773337,28.65340036650095,64.31479970542513,37.90407798212227,1101.9435411581298
NGA,2026Q2,ADM2,mobile,Shagari,211192.24797669263,1483.5274658203125,0.7024535606932106,0.0260097493440499,1.0,7.0,1.0,10.576,10.576,10.576,10.576,10.576,1.0,7.481,629.0,100.0,0.0,154.09398010219095
NGA,2026Q2,ADM2,mobile,Shanga,254644.7645289347,10973.650527954102,4.309395698063602,0.07921003057599788,6.0,9.0,6.0,42.479005576935414,38.94194881029945,43.7355,6.664813981223655,65.02357272201402,9.756247196876116,10.354291676417299,51.802976446929826,77.05415610834292,77.05415610834292,93.42030191947981
NGA,2026Q2,ADM2,mobile,Shanono,172352.06213521957,3819.459716796875,2.2160800802025222,0.07825327497513619,1.0,9.0,1.0,65.405,65.405,65.405,65.405,65.405,1.0,22.264,68.0,100.0,100.0,377.1316840680929
NGA,2026Q2,ADM2,mobile,Shendam,319580.26512994134,9820.8916015625,3.073059469917307,0.044398310075196894,3.0,8.0,6.0,16.066724494411186,33.00473477697666,18.947,2.658,80.386,30.243039879608727,28.09088669895236,57.47601257139946,53.288111590078266,35.26527821102037,129.5546653654356
NGA,2026Q2,ADM2,mobile,Shiroro,381309.5359440901,20916.120200514793,5.485338872716166,0.039121893186442554,5.0,9.0,5.0,6.258339744734565,11.498177149230916,2.495,0.366,27.363,74.76229508196721,8.736549046350174,67.03544870526531,38.51782887470393,38.50997180628773,82.19307092259731
NGA,2026Q2,ADM2,mobile,Shomgom,173388.72750158247,4751.7265625,2.7405048938124494,0.03724771045698449,1.0,1.0,1.0,8.36,8.36,8.36,8.36,8.36,1.0,13.668,55.0,0.0,0.0,177.63801055146075
NGA,2026Q2,ADM2,mobile,Shomolu,230648.6181640625,230648.6181640625,100.0,96.78157621248019,27.0,551.0,178.0,51.688636766961935,67.28565762024587,54.483,17.481791527437252,158.5086144744516,9.067069254639957,17.063196372147086,25.01139163452009,100.0,79.5653790280428,22400.57302029298
NGA,2026Q2,ADM2,mobile,Soba,394262.37577343994,34328.27033615112,8.70696075647797,0.33552639490769426,19.0,38.0,26.0,17.276166120837598,22.74830186053421,20.815,8.425814131807646,51.53662323310768,6.1165155588414555,22.62797936460513,59.77560993169387,84.56986725780449,26.080579416476628,193.24514364877763
NGA,2026Q2,ADM2,mobile,Sokoto North,259605.23152446747,93523.521484375,36.02528382620846,25.768124253267217,14.0,137.0,21.0,19.914642384845447,21.078094042936087,16.999499999999998,0.7199772262841768,38.085800679957735,52.89861858064546,22.526392084112125,54.98264743754896,63.50879515972488,46.08798713773606,13466.60190982349
NGA,2026Q2,ADM2,mobile,Sokoto South,487757.46240234375,375617.5029296875,77.00907354234312,35.38731251623814,32.0,218.0,42.0,11.781351447448529,25.297701807471977,13.4675,1.953571152220959,60.41055210955719,30.92313890941631,12.48517984941216,51.18697619155035,57.126941795084704,36.32642323876739,15198.657139067742
NGA,2026Q2,ADM2,mobile,Song,353368.11651653866,20301.45068359375,5.745128022223132,0.025918852882756176,3.0,12.0,4.0,32.35759667092826,37.72780506251826,32.525,29.688,58.553,1.9722783616275936,12.75694027287632,44.78892059971565,100.0,100.0,84.0938493986878
NGA,2026Q2,ADM2,mobile,Southern Ijaw,223176.3106204911,53179.57385253906,23.82850299150717,0.13769636659883244,10.0,55.0,17.0,25.574386337860233,23.9688289236036,25.566499999999998,11.473920656781562,35.94633025734148,3.132872479477685,26.093869327964853,59.24640619441703,88.70622066169193,63.32864619823714,82.80647674700698
NGA,2026Q2,ADM2,mobile,Sule Tankarkar,144880.52137309551,7558.589557647705,5.217119241435408,0.4772997861338249,17.0,41.0,28.0,8.820521696869248,13.32111288685101,10.367,3.269728007898136,24.84499349077882,7.598489363875196,4.288131648505956,97.31304084174515,36.56362003563995,9.115397497689482,114.21967341837849
NGA,2026Q2,ADM2,mobile,Suleja,236104.30993509706,119603.34375,50.65699299723833,7.706863227872521,24.0,82.0,39.0,19.291247582892037,18.866809294062307,17.585,3.8431444784359234,33.81852798011442,8.799702475374495,11.910321189023929,42.77953562572408,74.1922499481259,27.02303833886296,2080.775084609765
NGA,2026Q2,ADM2,mobile,Sumaila,451593.72688684,15390.19662475586,3.4079739616516687,0.16937419717637217,7.0,38.0,10.0,10.789876699665086,27.153678484168545,24.763,7.385,75.485,10.221394719025051,20.37173767992873,46.23859058621199,36.03167131299615,29.585215513305364,304.2767381105511
NGA,2026Q2,ADM2,mobile,Suru,230675.74618310705,16838.822463989258,7.299780207765252,0.1757733292109239,8.0,29.0,11.0,3.6689111552394733,5.646720796506784,4.7265,2.157,10.323873386054721,4.7862185378093285,2.711753385855567,58.045550955730086,9.719286800467591,1.3998133326321531,141.64771617295457
NGA,2026Q2,ADM2,mobile,Surulere (2),389835.42626953125,389835.42626953125,100.0,94.07131921567617,51.0,963.0,287.0,53.16759913947217,81.6730630376179,42.868,12.73049727414683,210.87852354630604,16.56483003021095,20.599666718244283,31.686311002445084,91.17324653114089,73.58436612179655,19479.251332099364
NGA,2026Q2,ADM2,mobile,Tafa,371819.0438969135,183702.55712890625,49.406441155778346,6.4654283799618,41.0,126.0,61.0,12.612364350456131,22.83228924419003,12.484,2.8694208249344766,54.638323978320095,19.04158619869491,14.811174279745071,40.0,71.10757585556844,22.720849919698118,1608.985543370966
NGA,2026Q2,ADM2,mobile,Tai,138985.82928471285,19005.38623046875,13.674333799553166,1.5876245726114362,7.0,52.0,10.0,27.91715593496378,25.66606825696591,21.204,0.662,49.985,75.50604229607251,13.699163500954361,45.99467866229924,63.711514398763036,54.873247152823225,848.8106427294272
NGA,2026Q2,ADM2,mobile,Takum,278272.8990694856,10045.730590820312,3.6100283658279864,0.035630650123166505,3.0,6.0,3.0,41.168178886603414,42.13426374282647,34.336,27.499694933495494,53.164,1.9332578098982682,10.124426783107225,50.91138003718875,100.0,100.0,89.81795474318216
NGA,2026Q2,ADM2,mobile,Talata Mafara,354375.1583843212,29616.563232421875,8.357403878830185,0.09270649482726173,4.0,10.0,4.0,4.016785241258072,5.448958070395229,4.486,3.237,16.225729550003017,5.012582499228611,7.439002224454685,51.363736057846246,7.470998774596632,0.0,230.55701192634643
NGA,2026Q2,ADM2,mobile,Tambuwal,330335.57816158165,25167.2490234375,7.618691623681871,0.1547908810297249,8.0,14.0,10.0,7.008328591342493,11.870730281864727,6.784,2.7705025622998436,26.33075649980613,9.50396395878028,7.299643408003657,106.45465937780835,41.78452145192367,13.386617230724523,179.13035614176312
NGA,2026Q2,ADM2,mobile,Tarauni,385425.78125,304706.7197265625,79.05717119865409,72.62982873854881,47.0,434.0,113.0,20.798924163593917,44.80828018982024,33.474,3.732332627151854,128.08277482394547,34.317084681084694,17.6561779598683,53.115185162643535,73.35914587030094,46.2060100979599,16643.279913024067
NGA,2026Q2,ADM2,mobile,Tarka,159892.07047224045,6777.201568603516,4.238610175343332,0.22589556189708576,3.0,33.0,3.0,12.956311477993065,12.337625306143286,17.345,1.872,17.786920571079634,9.501560134123736,1.8749863497058314,44.58617294200778,67.42562426145278,0.0,327.6372348791764
NGA,2026Q2,ADM2,mobile,Taura,190657.5347510659,17332.54962158203,9.090933460464841,0.7141625491460094,14.0,22.0,16.0,17.9660531674779,12.63572986359385,18.057000000000002,1.0104057653553118,23.21928042889366,22.980154335054237,8.357651690817207,53.52586670507776,58.24927725619881,7.217084249998115,272.4257675260328
NGA,2026Q2,ADM2,mobile,Tofa,173699.87432479858,13831.620574951172,7.9629421890586105,1.028787047928118,6.0,8.0,6.0,13.612751853721102,41.63531854972713,23.003500000000003,10.198,138.509,13.58197685820749,8.427941545758173,39.080284410096205,100.0,33.83606619762872,832.64741448856
NGA,2026Q2,ADM2,mobile,Toro,540607.9114013942,12395.383544921875,2.292860182676548,0.01620782141401795,3.0,4.0,3.0,2.799162697304459,7.557172039915078,2.823,2.545,20.388,8.011001964636543,14.499355455326938,230.17588842721884,27.485726192283778,0.0,80.6285708121373
NGA,2026Q2,ADM2,mobile,Toungo,85348.98642639257,4557.37353515625,5.339692626680061,0.006490295069090595,1.0,1.0,1.0,48.541,48.541,48.541,48.541,48.541,1.0,30.355,49.0,100.0,100.0,15.115390781986974
NGA,2026Q2,ADM2,mobile,Tsafe,384466.4881070087,37540.823638916016,9.764394245062853,0.09266339888504138,5.0,6.0,6.0,14.691925006239188,18.996088214185455,7.296,2.3280592264279316,38.361,16.477673576569345,48.75067388710766,62.33464222936606,70.73036796077926,37.01808120085847,198.99056709663125
NGA,2026Q2,ADM2,mobile,Tsanyawa,287524.4975260794,15719.990020751953,5.467356749080519,0.2624201911799757,4.0,7.0,4.0,17.36716063520753,15.569550726615551,9.7695,4.493856164519895,18.178,4.045078287889988,39.78343006224712,39.54322477544949,81.84248123458467,0.0,528.4435416002997
NGA,2026Q2,ADM2,mobile,Tudun Wada,305699.65617516846,31459.34454345703,10.290932262426413,0.16588671947665193,5.0,14.0,8.0,13.782186329196911,21.174952088604186,8.795,0.991005777031573,50.825,51.28628023969707,12.362465820490012,231.00940565088243,40.15915716150895,40.15915716150895,281.9500165604989
NGA,2026Q2,ADM2,mobile,Udenu,352361.0442505941,42404.12921142578,12.034284125139717,2.1848703359311425,18.0,68.0,18.0,11.163963158495283,18.498682488471196,12.937999999999999,1.366179421921456,43.05792661919597,31.517036436281092,9.296759681703694,39.98708404718223,64.46084411931875,26.92938895199206,1160.4573504031807
NGA,2026Q2,ADM2,mobile,Udi,364355.7994571017,38335.496925354004,10.521445516298837,1.0083820139088988,18.0,36.0,21.0,12.369887272453218,26.18478828429597,10.493500000000001,2.9985933746307567,63.96645050613914,21.332152284240905,6.286593222236944,37.0,51.52959865680388,38.11659408576363,552.8051416630242
NGA,2026Q2,ADM2,mobile,Udu,427370.7247071266,233391.8565673828,54.611100638052406,15.7654710440616,65.0,304.0,115.0,22.629748042405787,42.39682970589717,20.521,3.2522243745919996,131.03944011592534,40.29225078677562,16.71550184181381,40.0,75.2007133869425,44.25401426043914,2797.7808495311106
NGA,2026Q2,ADM2,mobile,Ughelli North,621567.5007930085,344695.36005210876,55.45582090639221,5.272860722667776,109.0,924.0,210.0,17.30497509323579,33.919519680241166,21.389,3.184049964148834,83.36826250788481,26.18308865959362,14.876080396458873,47.0,69.90730543842962,36.26339099534792,811.6450281452688
NGA,2026Q2,ADM2,mobile,Ughelli South,494941.9851194905,94547.19115066528,19.102681524954768,1.1248993568266812,24.0,50.0,33.0,11.709214601612931,32.3550880003864,30.4635,1.8645375917448277,101.88878984853352,54.645607736546815,3.9437679776153542,53.28179275980212,50.344590080576914,46.40761143990837,626.0788824592809
NGA,2026Q2,ADM2,mobile,Ugwunagbo,85809.31219530125,4508.1807861328125,5.25371975464881,0.8827543267974218,3.0,4.0,3.0,108.41665639828582,105.96872234589115,92.668,52.931,140.487,2.654153520621186,26.54307705620765,36.047933315639604,100.0,100.0,680.512827127028
NGA,2026Q2,ADM2,mobile,Uhunmwonde,295594.0121326036,134923.31776714325,45.64480748230332,1.7916481295391513,101.0,270.0,136.0,19.11079614482328,38.02258395349031,16.799,2.5268796318034554,104.47358245647538,41.344898720764036,12.680517014757207,34.0,74.03854437504118,38.30785481027829,141.99058961795407
NGA,2026Q2,ADM2,mobile,Ukanafun,171049.35602033138,5446.9384765625,3.1844250123426727,0.30240180169639047,2.0,4.0,2.0,115.17208895353163,115.17208895353163,67.723,12.032888953531632,132.185,10.985308724319601,33.76040266796231,40.34019612149528,86.8039224299057,86.8039224299057,696.6613253626078
NGA,2026Q2,ADM2,mobile,Ukum,435854.69634720683,14889.70947265625,3.4162094839044563,0.1161134051376234,5.0,7.0,6.0,24.700094959641966,26.13215755454534,26.108,4.012620825559832,49.034,12.21994355600716,12.19617611582844,58.170024178145255,86.52230224674426,54.954264141043566,275.37844780570316
NGA,2026Q2,ADM2,mobile,Ukwa East,129070.71733470683,8061.81103515625,6.246041861106513,0.2303501932947599,2.0,2.0,2.0,8.214216210578556,8.214216210578556,8.256499999999999,7.105,9.408,1.3241379310344825,8.69422984825072,99.59180154021156,0.0,0.0,400.5072507214698
NGA,2026Q2,ADM2,mobile,Ukwa West,126042.52930337451,12694.907135009766,10.07192350484662,1.2125010951229866,8.0,31.0,11.0,16.049633178382617,19.264821780203622,22.122999999999998,10.046,31.32318268675261,3.117975581002649,15.06620183298218,54.24244774241467,100.0,24.009172629423166,514.6742507842625
NGA,2026Q2,ADM2,mobile,Ukwuani,172785.36936856055,12904.735717773438,7.468650710956283,0.2748621710747647,3.0,6.0,3.0,25.03251407190512,26.68048775631448,16.755,2.901,43.225,14.900034470872114,7.843285502469504,57.135034732667805,62.01500450335639,57.37789585349257,427.81051554988943
NGA,2026Q2,ADM2,mobile,Umu-Nneochi,260886.2546895527,14124.1962890625,5.413928880948479,0.31338191898400164,3.0,15.0,4.0,44.8550397689655,43.498225595109574,33.839,7.6792068444242165,64.542,8.404774256974624,26.151661797177216,31.28241280858773,85.8059574324507,85.8059574324507,736.8188610819823
NGA,2026Q2,ADM2,mobile,Umuahia North,495019.14747700706,244712.39961242676,49.43493617563416,7.500159928463432,52.0,533.0,82.0,22.37257083601813,33.51342250144282,17.2885,4.036760758524784,78.44753404669932,19.433287910618613,13.36317861161645,43.86132687714614,69.754553879638,41.177469770142636,1927.3424269409786
NGA,2026Q2,ADM2,mobile,Umuahia South,286699.4594846368,41419.60626220703,14.44704720987678,3.1403999803908995,12.0,83.0,12.0,19.71751721999165,28.429848850732515,22.578,2.2655397911353305,64.77280591233422,28.590451673274124,18.115567238456865,41.30806531667127,63.85067536084161,45.86940121069962,2025.1174899553243
NGA,2026Q2,ADM2,mobile,Ungogo,894086.9807362556,323307.2266693115,36.16060110875086,9.17037533192766,55.0,266.0,96.0,27.265707168856363,45.80888221966463,30.904,5.6478612881971815,95.92490405725599,16.98428823981893,23.2308930324807,47.671649130049985,82.87104829679048,50.39142352209301,4168.077394699157
NGA,2026Q2,ADM2,mobile,Uruan,184270.26087464835,22049.62713623047,11.965917360495812,1.2124759648267913,10.0,27.0,13.0,15.272959437928778,19.970449879821036,14.991,3.8484962587867635,50.0700756774027,13.01029605084955,4.877413965396298,34.185194763183915,73.80093752981175,21.416497152131424,602.0652336702442
NGA,2026Q2,ADM2,mobile,Ushongo,339981.46896603703,489.0023498535156,0.1438320598298154,0.0355433308079561,1.0,2.0,1.0,43.216,43.216,43.216,43.216,43.216,1.0,4.649,40.0,100.0,100.0,328.24743348105494
NGA,2026Q2,ADM2,mobile,Uvwie,417695.39994991035,353533.2619628906,84.63901254485589,44.446962007626546,100.0,646.0,252.0,27.404376272165543,39.27558724994167,26.68,7.255832459260297,93.73618652477012,12.918736347769274,14.931577621388334,38.0,84.44038847419142,55.12738945068587,5012.121409533812
NGA,2026Q2,ADM2,mobile,Uyo,980760.0290932655,747648.3133621216,76.23152363308883,35.649601666897965,134.0,692.0,249.0,17.08847942172549,26.38855607614102,16.633000000000003,5.214270681635453,57.47585267129904,11.022798044169,14.263148251129094,40.02239540268807,76.4971417952488,34.59931484609265,7031.736981019705
NGA,2026Q2,ADM2,mobile,Uzo-Uwani,190250.15961315692,1162.2955322265625,0.6109301219982698,0.03589324637131257,1.0,1.0,1.0,83.885,83.885,83.885,83.885,83.885,1.0,40.839,26.0,100.0,100.0,184.98608656646215
NGA,2026Q2,ADM2,mobile,Vandeikya,281131.64425538486,8786.494873046875,3.1254022990969563,0.16460161338599197,3.0,6.0,3.0,5.428913088946782,11.930365473741315,7.355,1.075,35.199,32.74325581395349,2.217370540559761,67.92010521228657,27.67743009812061,27.67743009812061,418.350760509479
NGA,2026Q2,ADM2,mobile,Wamakko,721430.5876163892,305368.94873046875,42.32825083552522,2.5050346578324643,49.0,203.0,67.0,14.581721826515546,26.60451988104479,14.577,3.0239689032077712,70.78420354535557,23.407715426659635,10.251516491836343,53.0,69.66252789575374,32.583315488683624,1039.1008418473934
NGA,2026Q2,ADM2,mobile,Wamba,94896.99077184206,4483.3951416015625,4.724486103443314,0.05931766294768722,2.0,5.0,2.0,8.429411838981693,8.429411838981693,8.701,8.142,9.26,1.1373126995824123,2.7438083110930185,95.92719663565424,0.0,0.0,77.13647840275227
NGA,2026Q2,ADM2,mobile,Warawa,216138.7898041606,1871.0711669921875,0.8656804124273717,0.11106489919807097,1.0,1.0,1.0,44.836,44.836000000000006,44.836,44.836,44.836,1.0,43.647,31.0,100.0,100.0,670.1050650982971
NGA,2026Q2,ADM2,mobile,Warri North,76487.1607399156,13599.92805480957,17.780667922887492,0.21929837588382123,13.0,36.0,18.0,57.05777763322188,49.47863450740332,26.745,9.455769973446607,66.72654102794087,7.056700957755976,13.062768636336457,32.114188037192996,92.62078633814149,82.36772129261453,34.86658581124291
NGA,2026Q2,ADM2,mobile,Warri South,490304.4359359332,331202.74572753906,67.55042815293159,4.492458020654792,66.0,306.0,130.0,17.15236521974064,39.11169090512743,19.0385,2.0609950586407986,98.92313805874312,47.997756056718416,15.552355726485231,38.0,64.29221232997693,41.734042568327666,900.9191866428337
NGA,2026Q2,ADM2,mobile,Warri South-West,34559.49009262813,3655.9539184570312,10.578726447231006,0.14485131879895652,5.0,62.0,14.0,13.939601832065659,14.216932761995498,14.619,4.448718579736731,18.595901538787132,4.18005796623971,23.947082098693464,37.595476103535006,95.7125722270278,0.0,27.030581804544294
NGA,2026Q2,ADM2,mobile,Wasagu-Danko,502108.76461825246,17211.269653320312,3.4277970961940576,0.053629947772173274,6.0,8.0,6.0,7.7714982616276576,25.173671756490798,31.328,6.929,82.72486007247039,11.938932035282203,18.625729318171413,59.565775489402704,31.09502730956856,31.09502730956856,124.98865284882238
NGA,2026Q2,ADM2,mobile,Wase,182587.4648052018,13676.233413696289,7.490236763124531,0.04482910104573094,6.0,12.0,7.0,17.355886036838854,17.698922218697444,17.7155,0.642,36.640127500267454,57.07184968889011,30.74343636929507,61.250280936914514,78.43128475094055,30.991067330876206,37.41132714727452
NGA,2026Q2,ADM2,mobile,Wudil,256713.5955202137,29367.085327148438,11.439629937650132,1.1756510136555023,9.0,64.0,17.0,9.825678761936748,21.10610964478906,22.088,4.483,40.817729020501005,9.105003127481822,13.417241754699019,66.1416606925372,46.08905616744817,38.45302102112677,935.9931853804275
NGA,2026Q2,ADM2,mobile,Wukari,418979.46948422765,54060.96533203125,12.903010593474045,0.189079121385048,22.0,303.0,27.0,14.382793091040698,22.494280215089567,14.174,5.080344322528014,53.82562040973514,10.594876447852876,9.180217633320426,53.65618348502898,75.32192500731844,37.40436054376074,98.16207356275342
NGA,2026Q2,ADM2,mobile,Yabo,170208.56337425584,3166.168212890625,1.8601697529922927,0.04279195499517959,1.0,2.0,1.0,2.6,2.6,2.6,2.6,2.6,1.0,1.529,2101.0,0.0,0.0,204.706846105057
NGA,2026Q2,ADM2,mobile,Yakurr,225082.3186501704,45667.97993469238,20.289456856747112,0.4898023522251045,9.0,104.0,16.0,17.80343842450928,16.43333202299299,17.401,7.9329341638309,22.189724075664657,2.7971647838495355,13.319789677852183,36.80138492683706,91.36613578574814,0.0,331.0195614421357
NGA,2026Q2,ADM2,mobile,Yala,394053.8503586238,9292.81787109375,2.358260898259582,0.046449451854781935,2.0,3.0,2.0,29.01599983595782,29.015999835957825,22.614,6.194,39.034,6.3019050694220216,14.622164005395001,40.30505481620104,69.49451837989594,69.49451837989594,248.0190058357643
NGA,2026Q2,ADM2,mobile,Yamaltu/Deba,359886.3319239581,3837.6591796875,1.0663531341052361,0.039098781682816094,2.0,2.0,2.0,71.80929406429854,71.80929406429854,45.793,19.15809406429854,78.7,4.107924292253002,54.99060081511277,44.72219215255475,100.0,89.53003018248175,194.32871986144954
NGA,2026Q2,ADM2,mobile,Yankwashi,131887.37000356283,16795.341583251953,12.73460952538385,1.0545706910622397,9.0,16.0,11.0,32.71642577460112,32.15205276924145,32.532,18.26912011655136,42.72880759140993,2.3388541603981636,17.262332144716982,43.30808387703087,97.6505905690849,70.66634151828174,434.5397215884046
NGA,2026Q2,ADM2,mobile,Yauri,104644.1509028489,33370.59608459473,31.88959516292107,0.9156839626757838,8.0,23.0,12.0,16.294790737561808,22.640951841259064,13.7,3.5298998895099345,57.49219723597526,16.287203330278317,30.198210116724972,59.0,61.773714064916184,18.87002710823835,332.07773551672625
NGA,2026Q2,ADM2,mobile,Yenegoa,1664744.1586694866,842741.8343291283,50.6229038222109,4.568968281716172,87.0,367.0,143.0,21.24659718893042,28.054071817019928,19.6,7.69235627805617,57.19237488922294,7.434961775285224,9.735908887567039,38.0,80.28087617552772,37.15624479813643,2355.64278306077
NGA,2026Q2,ADM2,mobile,Yewa North,182824.2147904219,8720.692077636719,4.769987437185806,0.12248742868414264,6.0,21.0,8.0,6.966884346388248,21.35012420160611,10.8825,3.9257467657778906,122.8090197105605,31.28297035894667,15.22524000534743,21.84425132364803,31.55864510158709,7.214101384045006,101.35649815435701
NGA,2026Q2,ADM2,mobile,Yewa South,501857.09202978597,177282.83670043945,35.32536244200718,2.041099922267328,41.0,151.0,57.0,16.718094820473016,27.15766983301865,7.959,2.741593798764217,65.17354733565962,23.772138441893482,12.832875092726761,24.99818592836437,55.743579940357776,38.4892886011121,677.7908782922073
NGA,2026Q2,ADM2,mobile,Yola North,363289.926733315,228557.11059570312,62.91314285834384,26.686624875525204,55.0,356.0,84.0,19.504761180719143,30.255478527658155,20.42,6.444698328930504,69.80696655875664,10.831688776709754,19.78266955538068,58.0,69.23407220271292,34.43273460500387,4839.330290648682
NGA,2026Q2,ADM2,mobile,Yola South,452249.25574875023,168815.17624163628,37.327905816482435,2.081426772838878,52.0,144.0,67.0,10.60683967300175,20.116526438521806,16.535,1.7343658121043035,50.07335151650593,28.871274541414078,14.051553289181284,53.0,54.690447833313215,25.417035433657194,496.8953639410187
NGA,2026Q2,ADM2,mobile,Yunusari,241412.96729102492,4044.2135124206543,1.6752262969972647,0.028590286501992603,3.0,7.0,3.0,17.840748842269203,17.888851463879806,16.869,7.9987643761213025,32.398875425601304,4.0504850377042745,27.597022889277827,50.36948113178803,99.18858664501965,6.151379794792894,64.91148865916081
NGA,2026Q2,ADM2,mobile,Zangon Kataf,373271.92109448067,4785.6134033203125,1.2820716300567925,0.0704010533672558,5.0,7.0,6.0,25.509168291448344,21.210257067366907,25.261,2.9674847697993827,31.574241927026783,10.640068737121561,22.95850973249417,38.59243530368195,85.92993092879264,67.5261343017102,144.73447784425449
NGA,2026Q2,ADM2,mobile,Zaria,645479.1003991137,274889.33087158203,42.586867754759524,3.121983393947126,37.0,83.0,46.0,12.443045642892068,18.128313784253944,12.684,3.07713689153164,36.18459069175309,11.75917483272649,18.13921920175403,44.34492100607277,65.67713469408262,23.71580994267922,1512.333355355385
NGA,2026Q2,ADM2,mobile,Zuru,382285.58188376646,30634.45863342285,8.013500923175604,0.27461074214987213,9.0,25.0,13.0,4.540538707575492,10.839547462752732,7.823,1.385187954599973,30.865300061105827,22.2823913235799,27.980418598799535,76.00682662006358,35.44966394634052,14.949171562391747,324.7111258624399
